file_id,model_name
1000046073,"sdxlUnstableDiffusers_v6StabilityEater"
1000051035,"sdxlUnstableDiffusers_v6StabilityEater"
1000116131,"sdxlUnstableDiffusers_v6StabilityEater"
1000135232,"sdxlUnstableDiffusers_v6StabilityEater"
1000499387,"sdxlUnstableDiffusers_v6StabilityEater"
1000500939,"sdxlUnstableDiffusers_v6StabilityEater"
1000574220,"sdxlUnstableDiffusers_v6StabilityEater"
1000575240,"sdxlUnstableDiffusers_v6StabilityEater"
1000636019,"sdxlUnstableDiffusers_v6StabilityEater"
1000771115,"sdxlUnstableDiffusers_v6StabilityEater"
1000772012,"sdxlUnstableDiffusers_v6StabilityEater"
1000773474,"sdxlUnstableDiffusers_v6StabilityEater"
1000774042,"sdxlUnstableDiffusers_v6StabilityEater"
1000817011,"sdxlUnstableDiffusers_v6StabilityEater"
1000817649,"sdxlUnstableDiffusers_v6StabilityEater"
1000830702,"Hybase Model"
1001283898,"sdxlUnstableDiffusers_v6StabilityEater"
1001562324,"sdxlUnstableDiffusers_v6StabilityEater"
1001699929,"sdxlUnstableDiffusers_v6StabilityEater"
1001947109,"sdxlUnstableDiffusers_v6StabilityEater"
1001947491,"sdxlUnstableDiffusers_v6StabilityEater"
1001948187,"sdxlUnstableDiffusers_v6StabilityEater"
1001961735,"sdxlUnstableDiffusers_v6StabilityEater"
1002081472,"sdxlUnstableDiffusers_v6StabilityEater"
1002404376,"sdxlUnstableDiffusers_v6StabilityEater"
1002405658,"sdxlUnstableDiffusers_v6StabilityEater"
1002407040,"sdxlUnstableDiffusers_v6StabilityEater"
1002437338,"sdxlUnstableDiffusers_v6StabilityEater"
1002439545,"sdxlUnstableDiffusers_v6StabilityEater"
1002472993,"sdxlUnstableDiffusers_v6StabilityEater"
1002562586,"Hybase Model"
1002563253,"sdxlUnstableDiffusers_v6StabilityEater"
1002586149,"sdxlUnstableDiffusers_v6StabilityEater"
1002713027,"sdxlUnstableDiffusers_v6StabilityEater"
1002713601,"sdxlUnstableDiffusers_v6StabilityEater"
1002739861,"sdxlUnstableDiffusers_v6StabilityEater"
1002740601,"sdxlUnstableDiffusers_v6StabilityEater"
1002741665,"sdxlUnstableDiffusers_v6StabilityEater"
1002752742,"sdxlUnstableDiffusers_v6StabilityEater"
1002753329,"sdxlUnstableDiffusers_v6StabilityEater"
1002756551,"sdxlUnstableDiffusers_v6StabilityEater"
1002758834,"sdxlUnstableDiffusers_v6StabilityEater"
1002760961,"sdxlUnstableDiffusers_v6StabilityEater"
1002845643,"sdxlUnstableDiffusers_v6StabilityEater"
1002891079,"sdxlUnstableDiffusers_v6StabilityEater"
1003198033,"sdxlUnstableDiffusers_v6StabilityEater"
1003204273,"sdxlUnstableDiffusers_v6StabilityEater"
1003314285,"sdxlUnstableDiffusers_v6StabilityEater"
1003314806,"Hybase Model"
1003317109,"sdxlUnstableDiffusers_v6StabilityEater"
1003766022,"sdxlUnstableDiffusers_v6StabilityEater"
1003770053,"sdxlUnstableDiffusers_v6StabilityEater"
1003771734,"sdxlUnstableDiffusers_v6StabilityEater"
1003773086,"sdxlUnstableDiffusers_v6StabilityEater"
1003773870,"sdxlUnstableDiffusers_v6StabilityEater"
1003774417,"sdxlUnstableDiffusers_v6StabilityEater"
1003776618,"sdxlUnstableDiffusers_v6StabilityEater"
1003777402,"sdxlUnstableDiffusers_v6StabilityEater"
1004051632,"sdxlUnstableDiffusers_v6StabilityEater"
1004193803,"sdxlUnstableDiffusers_v6StabilityEater"
1004194903,"sdxlUnstableDiffusers_v6StabilityEater"
1004226877,"Hybase Model"
1004232413,"sdxlUnstableDiffusers_v6StabilityEater"
1004244285,"sdxlUnstableDiffusers_v6StabilityEater"
1004244704,"sdxlUnstableDiffusers_v6StabilityEater"
1004246415,"sdxlUnstableDiffusers_v6StabilityEater"
1004317180,"sdxlUnstableDiffusers_v6StabilityEater"
1004321457,"sdxlUnstableDiffusers_v6StabilityEater"
1004516002,"sdxlUnstableDiffusers_v6StabilityEater"
1004536937,"sdxlUnstableDiffusers_v6StabilityEater"
1004562710,"albedobaseXL_v13"
1004637274,"yiffymix_21"
1004765215,"yiffymix_21"
1004767063,"betterThanWords_v20"
1004767649,"sdxlUnstableDiffusers_v6StabilityEater"
1004768887,"sdxlUnstableDiffusers_v6StabilityEater"
1004773143,"sdxlUnstableDiffusers_v6StabilityEater"
1004773726,"sdxlUnstableDiffusers_v6StabilityEater"
1004774446,"sdxlUnstableDiffusers_v6StabilityEater"
1004775209,"sdxlUnstableDiffusers_v6StabilityEater"
1005046414,"yiffymix_21"
1005049937,"yiffymix_21"
1007277325,"albedobaseXL_v13"
1007278037,"yiffymix_21"
1007367552,"albedobaseXL_v13"
1007377344,"albedobaseXL_v13"
1007387005,"albedobaseXL_v13"
1007391014,"albedobaseXL_v13"
1007392283,"albedobaseXL_v13"
1007396886,"albedobaseXL_v13"
1007399759,"Hybase Model"
1007416568,"albedobaseXL_v13"
1007420188,"albedobaseXL_v13"
1007438386,"albedobaseXL_v13"
1007611269,"albedobaseXL_v13"
1007646254,"albedobaseXL_v13"
1007646930,"albedobaseXL_v13"
1007795455,"albedobaseXL_v13"
1007803745,"Hybase Model"
1007806339,"albedobaseXL_v13"
1007812870,"albedobaseXL_v13"
1007977505,"albedobaseXL_v13"
1007989989,"albedobaseXL_v13"
1008013767,"albedobaseXL_v13"
1008022981,"Hybase Model"
1008031679,"albedobaseXL_v13"
1008058250,"albedobaseXL_v13"
1008060388,"albedobaseXL_v13"
1008062652,"albedobaseXL_v13"
1008242767,"albedobaseXL_v13"
1008245297,"albedobaseXL_v13"
1008246010,"albedobaseXL_v13"
1008246655,"albedobaseXL_v13"
1008259036,"albedobaseXL_v13"
1008259468,"albedobaseXL_v13"
1008260370,"albedobaseXL_v13"
1008260986,"albedobaseXL_v13"
1008261597,"albedobaseXL_v13"
1008263596,"albedobaseXL_v13"
1008322924,"albedobaseXL_v13"
1008325251,"albedobaseXL_v13"
1008325995,"albedobaseXL_v13"
1008358536,"albedobaseXL_v13"
1008368315,"albedobaseXL_v13"
1008588907,"albedobaseXL_v13"
1008603568,"albedobaseXL_v13"
1008603959,"albedobaseXL_v13"
1008604358,"albedobaseXL_v13"
1008604643,"albedobaseXL_v13"
1008605260,"albedobaseXL_v13"
1008605633,"albedobaseXL_v13"
1008611073,"Hybase Model"
1008612058,"albedobaseXL_v13"
1008629935,"albedobaseXL_v13"
1008671796,"albedobaseXL_v13"
1008684769,"albedobaseXL_v13"
1008685432,"albedobaseXL_v13"
1008690478,"albedobaseXL_v13"
1008696291,"albedobaseXL_v13"
1009591041,"albedobaseXL_v13"
1009873776,"sdxlUnstableDiffusers_v6StabilityEater"
1010194283,"albedobaseXL_v13"
1010484412,"albedobaseXL_v13"
1010485073,"albedobaseXL_v13"
1010487460,"sdxlUnstableDiffusers_v6StabilityEater"
1010676348,"sdxlUnstableDiffusers_v6StabilityEater"
1010679101,"sdxlUnstableDiffusers_v6StabilityEater"
1010681566,"sdxlYamersFurworld_v1"
1010762874,"Hybase Model"
1010763497,"sdxlUnstableDiffusers_v6StabilityEater"
1010771074,"betterThanWords_v15"
1010898518,"albedobaseXL_v13"
1011011457,"sdxlUnstableDiffusers_v6StabilityEater"
1011076076,"sdxlUnstableDiffusers_v6StabilityEater"
1011076949,"sdxlUnstableDiffusers_v6StabilityEater"
1011078421,"icedcoffeexl_V11"
1011500630,"sdxlUnstableDiffusers_v6StabilityEater"
1011915720,"venusxl_v10"
1011916743,"albedobaseXL_v13"
1011961118,"sdxlUnstableDiffusers_v6StabilityEater"
1011962350,"sdxlYamersFurworld_v1"
1011964531,"sdxlUnstableDiffusers_v6StabilityEater"
1011976671,"zavychromaxl_v10"
1011978363,"betterThanWords_v20"
1011986694,"sdxlUnstableDiffusers_v6StabilityEater"
1012077544,"sdxlUnstableDiffusers_v6StabilityEater"
1012078134,"sdxlYamersFurworld_v1"
1012078810,"sdxlUnstableDiffusers_v6StabilityEater"
1012079604,"realismEngineSDXL_v20VAE"
1012089036,"sdxlYamersFurworld_v1"
1012089455,"sdxlUnstableDiffusers_v6StabilityEater"
1012089867,"sdxlUnstableDiffusers_v6StabilityEater"
1012090138,"sdxlUnstableDiffusers_v6StabilityEater"
1012090452,"albedobaseXL_v13"
1012090685,"sdxlUnstableDiffusers_v6StabilityEater"
1012091559,"sdxlUnstableDiffusers_v6StabilityEater"
1012311879,"sdxlYamersFurworld_v1"
1012405898,"Hybase Model"
1012478648,"sdxlUnstableDiffusers_v6StabilityEater"
1012479369,"sdxlUnstableDiffusers_v6StabilityEater"
1012567313,"icedcoffeexl_V11"
1012674854,"albedobaseXL_v13"
1012699971,"albedobaseXL_v13"
1012702662,"albedobaseXL_v13"
1012703405,"albedobaseXL_v13"
1012703996,"albedobaseXL_v13"
1012742723,"albedobaseXL_v13"
1013086936,"sdxlUnstableDiffusers_v6StabilityEater"
1013174862,"albedobaseXL_v13"
1013175482,"albedobaseXL_v13"
1013177059,"sdxlUnstableDiffusers_v6StabilityEater"
1013472022,"sdxlUnstableDiffusers_v6StabilityEater"
1013730114,"sd_xl_base_1.0"
1013730459,"sdxlUnstableDiffusers_v6StabilityEater"
1013731615,"sdxlUnstableDiffusers_v6StabilityEater"
1013732048,"sdxlUnstableDiffusers_v6StabilityEater"
1013893385,"sdxlUnstableDiffusers_v6StabilityEater"
1013895067,"sdxlUnstableDiffusers_v6StabilityEater"
1013897725,"sd_xl_base_1.0"
1013898575,"sdxlUnstableDiffusers_v6StabilityEater"
1014210397,"sdxlUnstableDiffusers_v6StabilityEater"
1014210647,"albedobaseXL_v13"
1014211095,"sdxlYamersFurworld_v1"
1014331767,"sdxlUnstableDiffusers_v6StabilityEater"
1014339222,"sdxlUnstableDiffusers_v6StabilityEater"
1014340306,"sdxlUnstableDiffusers_v6StabilityEater"
1014373295,"sdxlUnstableDiffusers_v6StabilityEater"
1014376186,"albedobaseXL_v13"
1014490618,"albedobaseXL_v13"
1014691067,"albedobaseXL_v13"
1014692280,"sdxlUnstableDiffusers_v6StabilityEater"
1014692856,"sdxlUnstableDiffusers_v6StabilityEater"
1014693497,"yiffymix_21"
1014694245,"albedobaseXL_v13"
1014696603,"albedobaseXL_v13"
1014700780,"sdxlUnstableDiffusers_v6StabilityEater"
1014862325,"sdxlUnstableDiffusers_v6StabilityEater"
1014878632,"sdxlUnstableDiffusers_v6StabilityEater"
1014881716,"sdxlUnstableDiffusers_v6StabilityEater"
1014885946,"albedobaseXL_v13"
1014886695,"Hybase Model"
1014887561,"albedobaseXL_v13"
1014908568,"sdxlUnstableDiffusers_v6StabilityEater"
1014909766,"sdxlUnstableDiffusers_v6StabilityEater"
1014927348,"albedobaseXL_v13"
1014953500,"Hybase Model"
1015124227,"Hybase Model"
1015127252,"sdxlUnstableDiffusers_v6StabilityEater"
1015128495,"sdxlUnstableDiffusers_v6StabilityEater"
1015173234,"sdxlUnstableDiffusers_v6StabilityEater"
1015227884,"Hybase Model"
1015432378,"newrealityxl_vnsfw"
1015621616,"juggernautXL_v8Rundiffusion"
1015751605,"Hybase Model"
1015924852,"icedcoffeexl_V20"
1016051146,"Hybase Model"
1016051880,"juggernautXL_v8Rundiffusion"
1016055551,"sdxlYamersFurworld_v1"
1016056354,"icedcoffeexl_V20"
1016056916,"newrealityxl_vnsfw"
1016235125,"Hybase Model"
1016240730,"sdxlUnstableDiffusers_v11Rundiffusion"
1016259504,"sdxlUnstableDiffusers_v11Rundiffusion"
1016531825,"icedcoffeexl_V20"
1016762811,"icedcoffeexl_V20"
1016763374,"albedobaseXL_v13"
1016764082,"betterThanWords_v20"
1016765118,"icedcoffeexl_V20"
1016936143,"easelEssenceXL_v10"
1016940206,"icedcoffeexl_V20"
1016941218,"sdxlUnstableDiffusers_v11Rundiffusion"
1016953628,"albedobaseXL_v13"
1016955568,"sdxlUnstableDiffusers_v11Rundiffusion"
1016957718,"sdxlUnstableDiffusers_v11Rundiffusion"
1016958192,"icedcoffeexl_V20"
1016982885,"albedobaseXL_v13"
1017157543,"sdxlUnstableDiffusers_v11Rundiffusion"
1017158297,"icedcoffeexl_V20"
1017159790,"albedobaseXL_v13"
1017175125,"sdxlUnstableDiffusers_v11Rundiffusion"
1017178062,"albedobaseXL_v13"
1017216204,"icedcoffeexl_V20"
1017248411,"albedobaseXL_v13"
1017524644,"sdxlUnstableDiffusers_v11Rundiffusion"
1017604659,"sdxlUnstableDiffusers_v11Rundiffusion"
1017651140,"easelEssenceXL_v10"
1017684739,"Hybase Model"
1017692412,"newrealityxl_vnsfw"
1018024711,"albedobaseXL_v13"
1018031729,"albedobaseXL_v13"
1018036141,"sdxlUnstableDiffusers_v6StabilityEater"
1018064363,"easelEssenceXL_v10"
1018064743,"easelEssenceXL_v10"
1018066896,"sdxlUnstableDiffusers_v11Rundiffusion"
1018089758,"easelEssenceXL_v10"
1018096889,"Hybase Model"
1018362536,"Hybase Model"
1018365350,"icedcoffeexl_V20"
1018385908,"icedcoffeexl_V20"
1018395480,"sdxlUnstableDiffusers_v11Rundiffusion"
1018403000,"Hybase Model"
1018412395,"sdxlUnstableDiffusers_v11Rundiffusion"
1018734885,"Hybase Model"
1018735478,"icedcoffeexl_V20"
1018748217,"icedcoffeexl_V20"
1018763680,"Hybase Model"
1018893131,"Hybase Model"
1019061423,"sdxlUnstableDiffusers_v11Rundiffusion"
1019067659,"icedcoffeexl_V20"
1019074121,"icedcoffeexl_V20"
1019076142,"icedcoffeexl_V20"
1019078969,"albedobaseXL_v13"
1019085973,"albedobaseXL_v13"
1019092040,"sdxlUnstableDiffusers_v11Rundiffusion"
1019254193,"icedcoffeexl_V20"
1019272793,"icedcoffeexl_V20"
1019316128,"albedobaseXL_v13"
1019389918,"albedobaseXL_v13"
1019411199,"albedobaseXL_v13"
1019602941,"sd_xl_base_1.0"
1019627263,"icedcoffeexl_V20"
1019629404,"Hybase Model"
1019638692,"sdxlUnstableDiffusers_v6StabilityEater"
1019646471,"icedcoffeexl_V20"
1019649052,"Hybase Model"
1019685743,"icedcoffeexl_V20"
1019914710,"sdxlUnstableDiffusers_v11Rundiffusion"
1019919863,"newrealityxl_vnsfw"
1019938135,"Hybase Model"
1019976409,"icedcoffeexl_V20"
1019981564,"icedcoffeexl_V20"
1019983885,"sdxlUnstableDiffusers_v11Rundiffusion"
1019987471,"icedcoffeexl_V20"
1020008619,"sdxlUnstableDiffusers_v11Rundiffusion"
1020013779,"sdxlUnstableDiffusers_v11Rundiffusion"
1020017653,"sdxlUnstableDiffusers_v11Rundiffusion"
1020102134,"newrealityxl_vnsfw"
1020383806,"Hybase Model"
1020438929,"newrealityxl_vnsfw"
1020439752,"sdxlUnstableDiffusers_v11Rundiffusion"
1020448146,"sdxlUnstableDiffusers_v11Rundiffusion"
1020451757,"sdxlUnstableDiffusers_v11Rundiffusion"
1020718628,"Hybase Model"
1020723378,"albedobaseXL_v13"
1020776710,"albedobaseXL_v13"
1021067013,"icedcoffeexl_V20"
1021070128,"Hybase Model"
1021080943,"albedobaseXL_v13"
1021083607,"sdxlUnstableDiffusers_v11Rundiffusion"
1021101325,"sdxlUnstableDiffusers_v11Rundiffusion"
1021410616,"albedobaseXL_v13"
1021570134,"sdxlUnstableDiffusers_v11Rundiffusion"
1021759388,"sdxlUnstableDiffusers_v11Rundiffusion"
1021912811,"icedcoffeexl_V20"
1021922761,"icedcoffeexl_V20"
1021942120,"albedobaseXL_v13"
1021943990,"sdxlUnstableDiffusers_v11Rundiffusion"
1021993656,"sdxlUnstableDiffusers_v11Rundiffusion"
1022104406,"sdxlUnstableDiffusers_v11Rundiffusion"
1022285212,"Hybase Model"
1022288630,"albedobaseXL_v13"
1022305920,"albedobaseXL_v13"
1022306483,"albedobaseXL_v13"
1022316847,"sdxlUnstableDiffusers_v11Rundiffusion"
1022319454,"Hybase Model"
1022398045,"albedobaseXL_v13"
1022410057,"Hybase Model"
1022411470,"sdxlUnstableDiffusers_v11Rundiffusion"
1022769297,"albedobaseXL_v13"
1022781340,"icedcoffeexl_V20"
1022806963,"icedcoffeexl_V20"
1022959504,"sdxlUnstableDiffusers_v11Rundiffusion"
1022960170,"albedobaseXL_v13"
1023099798,"albedobaseXL_v13"
1023153609,"icedcoffeexl_V20"
1023411833,"Hybase Model"
1023425594,"sdxlUnstableDiffusers_v11Rundiffusion"
1023431742,"icedcoffeexl_V20"
1023483794,"icedcoffeexl_V20"
1023614985,"albedobaseXL_v13"
1023615656,"albedobaseXL_v13"
1023758394,"icedcoffeexl_V20"
1023765440,"icedcoffeexl_V20"
1023767436,"albedobaseXL_v13"
1023783457,"albedobaseXL_v13"
1023798461,"albedobaseXL_v13"
1023799457,"icedcoffeexl_V20"
1023800938,"sdxlUnstableDiffusers_v11Rundiffusion"
1023803797,"albedobaseXL_v13"
1024053880,"sdxlYamersFurworld_v1"
1024071526,"Hybase Model"
1024289685,"albedobaseXL_v13"
1024313486,"sdxlUnstableDiffusers_v11Rundiffusion"
1024325948,"icedcoffeexl_V20"
1024326928,"albedobaseXL_v13"
1024338307,"sdxlUnstableDiffusers_v11Rundiffusion"
1024394576,"Hybase Model"
1024397908,"albedobaseXL_v13"
1024399646,"albedobaseXL_v13"
1024401285,"sdxlUnstableDiffusers_v11Rundiffusion"
1024645238,"sdxlUnstableDiffusers_v11Rundiffusion"
1024645890,"sdxlUnstableDiffusers_v11Rundiffusion"
1024680834,"albedobaseXL_v13"
1024683508,"sdxlUnstableDiffusers_v11Rundiffusion"
1024700291,"sdxlUnstableDiffusers_v11Rundiffusion"
1024757265,"sdxlUnstableDiffusers_v11Rundiffusion"
1024768433,"sdxlUnstableDiffusers_v11Rundiffusion"
1024772033,"albedobaseXL_v13"
1024803341,"sdxlUnstableDiffusers_v11Rundiffusion"
1024808307,"sdxlUnstableDiffusers_v11Rundiffusion"
1024932051,"sdxlUnstableDiffusers_v11Rundiffusion"
1025065636,"sdxlUnstableDiffusers_v11Rundiffusion"
1025105182,"icedcoffeexl_V20"
1025126352,"albedobaseXL_v13"
1025131582,"sdxlUnstableDiffusers_v11Rundiffusion"
1025138694,"albedobaseXL_v13"
1025448091,"icedcoffeexl_V20"
1025452975,"sdxlUnstableDiffusers_v6StabilityEater"
1025725096,"sdxlUnstableDiffusers_v11Rundiffusion"
1025920936,"icedcoffeexl_V20"
1026148662,"sdxlUnstableDiffusers_v11Rundiffusion"
1026310389,"albedobaseXL_v13"
1026344945,"albedobaseXL_v13"
1026429468,"Hybase Model"
1026748374,"icedcoffeexl_V20"
1026760433,"sdxlUnstableDiffusers_v11Rundiffusion"
1026767539,"Hybase Model"
1026768578,"icedcoffeexl_V20"
1026770362,"sdxlUnstableDiffusers_v11Rundiffusion"
1026774316,"sdxlUnstableDiffusers_v11Rundiffusion"
1026804158,"sdxlUnstableDiffusers_v11Rundiffusion"
1026815954,"albedobaseXL_v13"
1028897315,"Hybase Model"
1028933579,"albedobaseXL_v13"
1028936402,"icedcoffeexl_V20"
1028938195,"newrealityxl_vnsfw"
1028968533,"sdxlUnstableDiffusers_v11Rundiffusion"
1028969281,"sdxlUnstableDiffusers_v11Rundiffusion"
1029155031,"newrealityxl_vnsfw"
1029155551,"sdxlUnstableDiffusers_v11Rundiffusion"
1029156331,"sdxlUnstableDiffusers_v11Rundiffusion"
1029157059,"sdxlUnstableDiffusers_v11Rundiffusion"
1029158752,"sdxlUnstableDiffusers_v11Rundiffusion"
1029159529,"sdxlUnstableDiffusers_v11Rundiffusion"
1029242790,"albedobaseXL_v13"
1029357177,"newrealityxl_vnsfw"
1029364516,"Hybase Model"
1029375067,"albedobaseXL_v13"
1029522819,"icedcoffeexl_V20"
1029524919,"newrealityxl_vnsfw"
1029529027,"albedobaseXL_v13"
1029537322,"newrealityxl_vnsfw"
1029539849,"sdxlUnstableDiffusers_v11Rundiffusion"
1029602725,"albedobaseXL_v13"
1029711431,"sdxlUnstableDiffusers_v11Rundiffusion"
1029924295,"Hybase Model"
1029934658,"icedcoffeexl_V20"
1029939034,"newrealityxl_vnsfw"
1029942076,"sdxlUnstableDiffusers_v11Rundiffusion"
1030018023,"albedobaseXL_v13"
1030018909,"albedobaseXL_v13"
1030020154,"albedobaseXL_v13"
1030701608,"icedcoffeexl_V20"
1030702343,"icedcoffeexl_V20"
1030708931,"icedcoffeexl_V20"
1030751300,"icedcoffeexl_V20"
1030756725,"icedcoffeexl_V20"
1030775686,"icedcoffeexl_V20"
1030910482,"albedobaseXL_v13"
1030911634,"icedcoffeexl_V20"
1030912094,"albedobaseXL_v13"
1030912618,"albedobaseXL_v13"
1031068155,"icedcoffeexl_V20"
1031099202,"sdxlUnstableDiffusers_v11Rundiffusion"
1031415130,"sdxlUnstableDiffusers_v11Rundiffusion"
1031581869,"albedobaseXL_v13"
1031929577,"sdxlUnstableDiffusers_v11Rundiffusion"
1031935710,"sdxlUnstableDiffusers_v11Rundiffusion"
1031938890,"sdxlUnstableDiffusers_v11Rundiffusion"
1031940150,"sdxlUnstableDiffusers_v6StabilityEater"
1031941362,"albedobaseXL_v13"
1031962903,"albedobaseXL_v13"
1031963882,"icedcoffeexl_V20"
1031964315,"icedcoffeexl_V20"
1031968984,"sdxlUnstableDiffusers_v11Rundiffusion"
1032024112,"icedcoffeexl_V20"
1032246671,"icedcoffeexl_V20"
1032257579,"albedobaseXL_v13"
1032265987,"sdxlUnstableDiffusers_v11Rundiffusion"
1032270325,"sdxlUnstableDiffusers_v11Rundiffusion"
1032273751,"albedobaseXL_v13"
1032274368,"sdxlUnstableDiffusers_v11Rundiffusion"
1032275180,"icedcoffeexl_V20"
1032284468,"icedcoffeexl_V20"
1032285008,"sdxlUnstableDiffusers_v11Rundiffusion"
1032286967,"sdxlUnstableDiffusers_v11Rundiffusion"
1032737521,"icedcoffeexl_V20"
1032750751,"Hybase Model"
1032922106,"sdxlUnstableDiffusers_v11Rundiffusion"
1033036653,"newrealityxl_vnsfw"
1033718076,"sdxlUnstableDiffusers_v11Rundiffusion"
1033880482,"Hybase Model"
1033889642,"icedcoffeexl_V20"
1033890593,"icedcoffeexl_V20"
1033891909,"sdxlUnstableDiffusers_v11Rundiffusion"
1033892533,"icedcoffeexl_V20"
1033894920,"sdxlUnstableDiffusers_v11Rundiffusion"
1034037833,"Hybase Model"
1034583533,"albedobaseXL_v13"
1034624327,"sdxlUnstableDiffusers_v11Rundiffusion"
1034652085,"icedcoffeexl_V20"
1034730757,"albedobaseXL_v13"
1035029322,"albedobaseXL_v13"
1035033859,"albedobaseXL_v13"
1035035150,"icedcoffeexl_V20"
1035044912,"albedobaseXL_v13"
1035352626,"Hybase Model"
1035353620,"icedcoffeexl_V20"
1035370690,"sdxlUnstableDiffusers_v11Rundiffusion"
1035372759,"albedobaseXL_v13"
1035383830,"newrealityxl_vnsfw"
1035385795,"albedobaseXL_v13"
1035387237,"albedobaseXL_v13"
1035401870,"icedcoffeexl_V20"
1035561770,"Hybase Model"
1035725135,"icedcoffeexl_V20"
1035730590,"newrealityxl_vnsfw"
1035736162,"albedobaseXL_v13"
1035900328,"Hybase Model"
1035905248,"icedcoffeexl_V20"
1035919514,"albedobaseXL_v13"
1035922988,"Hybase Model"
1035925966,"icedcoffeexl_V20"
1035927692,"Hybase Model"
1035972945,"icedcoffeexl_V20"
1035990940,"icedcoffeexl_V20"
1037062584,"Hybase Model"
1037064675,"albedobaseXL_v13"
1037067122,"albedobaseXL_v13"
1037298542,"newrealityxl_vnsfw"
1037299531,"icedcoffeexl_V20"
1037304352,"icedcoffeexl_V20"
1037318005,"Hybase Model"
1037322081,"Hybase Model"
1037334539,"sdxlUnstableDiffusers_v6StabilityEater"
1037337266,"sdxlUnstableDiffusers_v6StabilityEater"
1037384138,"sdxlUnstableDiffusers_v11Rundiffusion"
1037384993,"sdxlUnstableDiffusers_v11Rundiffusion"
1037391246,"sdxlUnstableDiffusers_v6StabilityEater"
1037491524,"icedcoffeexl_V20"
1037699259,"icedcoffeexl_V20"
1037861262,"albedobaseXL_v13"
1037923676,"icedcoffeexl_V20"
1037947792,"icedcoffeexl_V20"
1038470695,"icedcoffeexl_V20"
1038596520,"sd_xl_base_1.0"
1038623417,"sdxlUnstableDiffusers_v11Rundiffusion"
1038624031,"sdxlUnstableDiffusers_v11Rundiffusion"
1040988128,"Hybase Model"
1041919336,"sdxlUnstableDiffusers_v11Rundiffusion"
1041919893,"icedcoffeexl_V20"
1041959817,"albedobaseXL_v13"
1042066139,"albedobaseXL_v13"
1042080768,"icedcoffeexl_V20"
1042638118,"sdxlUnstableDiffusers_v11Rundiffusion"
1042639188,"albedobaseXL_v13"
1042649871,"sdxlUnstableDiffusers_v11Rundiffusion"
1042654312,"icedcoffeexl_V20"
1044231049,"icedcoffeexl_V20"
1046208510,"Hybase Model"
1046231019,"Hybase Model"
1046266963,"betterThanWords_v20"
1046524267,"icedcoffeexl_V20"
1046526487,"icedcoffeexl_V20"
1046544034,"albedobaseXL_v13"
1046547672,"Hybase Model"
1046669916,"Hybase Model"
1046686248,"sdxlUnstableDiffusers_v11Rundiffusion"
1046842557,"sdxlUnstableDiffusers_v11Rundiffusion"
1046853568,"sdxlUnstableDiffusers_v11Rundiffusion"
1046976905,"albedobaseXL_v13"
1046988002,"albedobaseXL_v13"
1046994801,"Hybase Model"
1047015411,"albedobaseXL_v13"
1047019175,"albedobaseXL_v13"
1047021860,"albedobaseXL_v13"
1047177332,"albedobaseXL_v13"
1047299994,"albedobaseXL_v13"
1047303087,"albedobaseXL_v13"
1047304222,"sdxlUnstableDiffusers_v11Rundiffusion"
1047340571,"sdxlUnstableDiffusers_v11Rundiffusion"
1047352021,"sdxlUnstableDiffusers_v11Rundiffusion"
1047368619,"sdxlUnstableDiffusers_v11Rundiffusion"
1047489262,"sdxlUnstableDiffusers_v11Rundiffusion"
1047492094,"sdxlUnstableDiffusers_v11Rundiffusion"
1047502268,"sdxlUnstableDiffusers_v11Rundiffusion"
1047525700,"sdxlUnstableDiffusers_v11Rundiffusion"
1047526288,"sdxlUnstableDiffusers_v11Rundiffusion"
1047549755,"Hybase Model"
1047551413,"icedcoffeexl_V20"
1047560641,"sdxlUnstableDiffusers_v11Rundiffusion"
1047573144,"sdxlUnstableDiffusers_v11Rundiffusion"
1048081203,"sdxlUnstableDiffusers_v11Rundiffusion"
1048213295,"albedobaseXL_v13"
1048214317,"albedobaseXL_v13"
1048216165,"albedobaseXL_v13"
1048415648,"albedobaseXL_v13"
1048426055,"icedcoffeexl_V20"
1048428801,"sdxlUnstableDiffusers_v11Rundiffusion"
1048667724,"icedcoffeexl_V20"
1048735301,"albedobaseXL_v13"
1048759193,"sdxlUnstableDiffusers_v11Rundiffusion"
1048954358,"Hybase Model"
1048993578,"sdxlUnstableDiffusers_v11Rundiffusion"
1048997776,"albedobaseXL_v13"
1049008463,"sdxlUnstableDiffusers_v11Rundiffusion"
1049150487,"Hybase Model"
1050004060,"albedobaseXL_v13"
1050209314,"sdxlUnstableDiffusers_v11Rundiffusion"
1050353014,"Hybase Model"
1050353817,"sdxlUnstableDiffusers_v11Rundiffusion"
1050354380,"sdxlUnstableDiffusers_v11Rundiffusion"
1050360933,"albedobaseXL_v13"
1050402850,"sdxlUnstableDiffusers_v11Rundiffusion"
1050403601,"albedobaseXL_v13"
1050414226,"sdxlUnstableDiffusers_v11Rundiffusion"
1050491945,"sdxlUnstableDiffusers_v11Rundiffusion"
1050494207,"sdxlUnstableDiffusers_v11Rundiffusion"
1050537008,"Hybase Model"
1050542548,"sdxlUnstableDiffusers_v11Rundiffusion"
1050680203,"sdxlUnstableDiffusers_v11Rundiffusion"
1050680660,"sdxlUnstableDiffusers_v11Rundiffusion"
1050681306,"sdxlUnstableDiffusers_v11Rundiffusion"
1050681730,"sdxlUnstableDiffusers_v11Rundiffusion"
1050724721,"sdxlUnstableDiffusers_v11Rundiffusion"
1050726050,"sdxlUnstableDiffusers_v11Rundiffusion"
1050727214,"albedobaseXL_v13"
1050727830,"sdxlUnstableDiffusers_v11Rundiffusion"
1050728476,"albedobaseXL_v13"
1050729178,"albedobaseXL_v13"
1050740605,"Hybase Model"
1050741471,"sdxlUnstableDiffusers_v11Rundiffusion"
1050782584,"sdxlUnstableDiffusers_v11Rundiffusion"
1050815850,"sdxlUnstableDiffusers_v11Rundiffusion"
1050818311,"sdxlUnstableDiffusers_v11Rundiffusion"
1051016288,"icedcoffeexl_V20"
1051017425,"yiffymix_21"
1051018673,"sdxlYamersFurworld_v1"
1051021724,"icedcoffeexl_V20"
1051047711,"sdxlUnstableDiffusers_v11Rundiffusion"
1051049320,"sdxlUnstableDiffusers_v11Rundiffusion"
1051052094,"albedobaseXL_v13"
1051065226,"Hybase Model"
1051070483,"Hybase Model"
1051090720,"albedobaseXL_v13"
1051092804,"sdxlUnstableDiffusers_v11Rundiffusion"
1051112790,"Hybase Model"
1051180625,"sdxlUnstableDiffusers_v11Rundiffusion"
1051181569,"sdxlUnstableDiffusers_v11Rundiffusion"
1051769598,"albedobaseXL_v13"
1051770201,"sdxlUnstableDiffusers_v11Rundiffusion"
1051842701,"icedcoffeexl_V20"
1051843501,"albedobaseXL_v13"
1053580355,"icedcoffeexl_V20"
1053585931,"icedcoffeexl_V20"
1053586980,"icedcoffeexl_V20"
1053672211,"sdxlUnstableDiffusers_v11Rundiffusion"
1053673427,"icedcoffeexl_V20"
1053792590,"albedobaseXL_v13"
1053793052,"albedobaseXL_v13"
1053798225,"easelEssenceXL_v10"
1053808735,"easelEssenceXL_v10"
1053814241,"icedcoffeexl_V20"
1053924437,"icedcoffeexl_V20"
1053925644,"easelEssenceXL_v10"
1053927934,"albedobaseXL_v13"
1053929391,"icedcoffeexl_V20"
1053930580,"icedcoffeexl_V20"
1054535142,"icedcoffeexl_V20"
1054536334,"icedcoffeexl_V20"
1054540517,"Hybase Model"
1054541730,"icedcoffeexl_V20"
1054542395,"albedobaseXL_v13"
1054543732,"icedcoffeexl_V20"
1054544515,"easelEssenceXL_v10"
1054617707,"icedcoffeexl_V20"
1054618506,"icedcoffeexl_V20"
1054690890,"icedcoffeexl_V20"
1054694128,"icedcoffeexl_V20"
1054696546,"albedobaseXL_v13"
1054697831,"albedobaseXL_v13"
1054703283,"icedcoffeexl_V20"
1054704314,"albedobaseXL_v13"
1054912451,"albedobaseXL_v13"
1054954916,"Hybase Model"
1054966950,"icedcoffeexl_V20"
1055018789,"Hybase Model"
1055041840,"icedcoffeexl_V20"
1055084324,"easelEssenceXL_v10"
1055243659,"icedcoffeexl_V20"
1055244419,"easelEssenceXL_v10"
1055244858,"albedobaseXL_v13"
1055417022,"albedobaseXL_v13"
1055447556,"Hybase Model"
1055736161,"icedcoffeexl_V20"
1055736898,"icedcoffeexl_V20"
1055746296,"icedcoffeexl_V20"
1056035617,"Hybase Model"
1056101502,"easelEssenceXL_v10"
1056328400,"Hybase Model"
1056816465,"sdxlUnstableDiffusers_v11Rundiffusion"
1056861586,"icedcoffeexl_V20"
1057007515,"albedobaseXL_v13"
1057187852,"Hybase Model"
1057225940,"sdxlUnstableDiffusers_v11Rundiffusion"
1057566351,"Hybase Model"
1058275402,"icedcoffeexl_V20"
1058364431,"albedobaseXL_v21"
1058365235,"albedobaseXL_v21"
1058519945,"Hybase Model"
1058555490,"Hybase Model"
1058575681,"albedobaseXL_v21"
1058619217,"icedcoffeexl_V20"
1058635983,"icedcoffeexl_V20"
1058740998,"Hybase Model"
1058779426,"Hybase Model"
1059026453,"Hybase Model"
1059219901,"icedcoffeexl_V20"
1059222267,"albedobaseXL_v21"
1059228249,"Hybase Model"
1059829322,"icedcoffeexl_V20"
1060035457,"icedcoffeexl_V20"
1060036456,"sdxlUnstableDiffusers_v11Rundiffusion"
1060037270,"icedcoffeexl_V20"
1060038161,"icedcoffeexl_V20"
1060248272,"Hybase Model"
1060624764,"albedobaseXL_v21"
1060630013,"sdxlUnstableDiffusers_v11Rundiffusion"
1060645814,"Hybase Model"
1062647346,"sdxlUnstableDiffusers_v11Rundiffusion"
1062649528,"icedcoffeexl_V20"
1062650483,"sdxlUnstableDiffusers_v11Rundiffusion"
1062711266,"sdxlUnstableDiffusers_v11Rundiffusion"
1062712524,"sdxlUnstableDiffusers_v11Rundiffusion"
1062714165,"albedobaseXL_v21"
1062851074,"albedobaseXL_v21"
1062985408,"sdxlUnstableDiffusers_v11Rundiffusion"
1063054469,"sdxlUnstableDiffusers_v11Rundiffusion"
1063204900,"sdxlUnstableDiffusers_v11Rundiffusion"
1063206096,"sdxlUnstableDiffusers_v11Rundiffusion"
1063352882,"Hybase Model"
1063353895,"sdxlUnstableDiffusers_v11Rundiffusion"
1063555603,"sdxlUnstableDiffusers_v11Rundiffusion"
1063571741,"Hybase Model"
1063621521,"Hybase Model"
1063899194,"sdxlUnstableDiffusers_v11Rundiffusion"
1063899664,"sdxlUnstableDiffusers_v11Rundiffusion"
1063906176,"sdxlUnstableDiffusers_v11Rundiffusion"
1064019190,"sdxlUnstableDiffusers_v11Rundiffusion"
1064022828,"Hybase Model"
1064227673,"sdxlUnstableDiffusers_v11Rundiffusion"
1071719684,"albedobaseXL_v21"
1071720463,"sdxlUnstableDiffusers_v11Rundiffusion"
1071721277,"sdxlUnstableDiffusers_v11Rundiffusion"
1071722637,"sdxlUnstableDiffusers_v6StabilityEater"
1071723593,"icedcoffeexl_V20"
1071725104,"sdxlUnstableDiffusers_v11Rundiffusion"
1071726044,"albedobaseXL_v21"
1071727009,"sdxlUnstableDiffusers_v11Rundiffusion"
1071728042,"albedobaseXL_v21"
1071728654,"albedobaseXL_v21"
1071734080,"sdxlUnstableDiffusers_v11Rundiffusion"
1071734767,"sdxlUnstableDiffusers_v11Rundiffusion"
1071735186,"albedobaseXL_v21"
1071735754,"albedobaseXL_v21"
1071921422,"sdxlUnstableDiffusers_v11Rundiffusion"
1071922221,"sdxlUnstableDiffusers_v11Rundiffusion"
1071923631,"sdxlUnstableDiffusers_v6StabilityEater"
1071924773,"icedcoffeexl_V20"
1072089530,"sdxlUnstableDiffusers_v6StabilityEater"
1072091142,"sdxlUnstableDiffusers_v11Rundiffusion"
1072092199,"sdxlUnstableDiffusers_v11Rundiffusion"
1072093028,"sdxlUnstableDiffusers_v11Rundiffusion"
1072093788,"albedobaseXL_v21"
1072094552,"albedobaseXL_v21"
1072095487,"albedobaseXL_v21"
1072096311,"sdxlUnstableDiffusers_v11Rundiffusion"
1072107021,"icedcoffeexl_V20"
1072111924,"albedobaseXL_v21"
1072117229,"sdxlUnstableDiffusers_v11Rundiffusion"
1072180335,"albedobaseXL_v21"
1072233103,"albedobaseXL_v21"
1072260002,"albedobaseXL_v21"
1072315990,"albedobaseXL_v21"
1072511827,"albedobaseXL_v21"
1072512534,"STOIQOAfroditexl_XL31"
1072513437,"albedobaseXL_v21"
1072513900,"albedobaseXL_v21"
1076330713,"icedcoffeexl_V20"
1076331661,"icedcoffeexl_V20"
1076332509,"icedcoffeexl_V20"
1076333313,"albedobaseXL_v21"
1076334569,"sdxlUnstableDiffusers_v11Rundiffusion"
1076335075,"sdxlUnstableDiffusers_v11Rundiffusion"
1076393718,"icedcoffeexl_V20"
1076421679,"icedcoffeexl_V20"
1076423072,"albedobaseXL_v21"
1076555759,"albedobaseXL_v21"
1076651637,"albedobaseXL_v21"
1076657872,"albedobaseXL_v21"
1076778943,"albedobaseXL_v21"
1076779706,"albedobaseXL_v21"
1076780624,"albedobaseXL_v21"
1076945263,"albedobaseXL_v21"
1077072815,"icedcoffeexl_V20"
1077123366,"Hybase Model"
1077289635,"albedobaseXL_v21"
1077290321,"icedcoffeexl_V20"
1077291316,"icedcoffeexl_V20"
1077292347,"sdxlUnstableDiffusers_v11Rundiffusion"
1077293248,"sdxlUnstableDiffusers_v11Rundiffusion"
1077294011,"sdxlUnstableDiffusers_v11Rundiffusion"
1077294594,"sdxlUnstableDiffusers_v11Rundiffusion"
1077295490,"sdxlUnstableDiffusers_v11Rundiffusion"
1077299201,"sdxlUnstableDiffusers_v11Rundiffusion"
1077300332,"sdxlUnstableDiffusers_v11Rundiffusion"
1077301011,"sdxlUnstableDiffusers_v11Rundiffusion"
1077302668,"sdxlUnstableDiffusers_v11Rundiffusion"
1077304214,"sdxlUnstableDiffusers_v11Rundiffusion"
1077308034,"sdxlUnstableDiffusers_v11Rundiffusion"
1077308693,"sdxlUnstableDiffusers_v11Rundiffusion"
1077310504,"sdxlUnstableDiffusers_v11Rundiffusion"
1077314033,"sdxlUnstableDiffusers_v11Rundiffusion"
1077314906,"sdxlUnstableDiffusers_v11Rundiffusion"
1077322409,"albedobaseXL_v21"
1077323089,"albedobaseXL_v21"
1077323986,"albedobaseXL_v21"
1077325158,"albedobaseXL_v21"
1077400957,"icedcoffeexl_V20"
1077401983,"icedcoffeexl_V20"
1077402804,"icedcoffeexl_V20"
1077404146,"icedcoffeexl_V20"
1077405181,"icedcoffeexl_V20"
1077450198,"Hybase Model"
1077450978,"Hybase Model"
1077453492,"icedcoffeexl_V20"
1077658462,"sdxlUnstableDiffusers_v11Rundiffusion"
1077659548,"albedobaseXL_v21"
1077857264,"albedobaseXL_v21"
1078049087,"albedobaseXL_v21"
1078054409,"sdxlUnstableDiffusers_v11Rundiffusion"
1078541842,"albedobaseXL_v21"
1078544019,"icedcoffeexl_V20"
1078544820,"icedcoffeexl_V20"
1078592198,"albedobaseXL_v21"
1078632162,"albedobaseXL_v21"
1078662656,"Hybase Model"
1078808804,"albedobaseXL_v21"
1078809671,"albedobaseXL_v21"
1078812654,"icedcoffeexl_V20"
1078941401,"icedcoffeexl_V20"
1079029539,"albedobaseXL_v21"
1079030466,"albedobaseXL_v21"
1079031292,"icedcoffeexl_V20"
1079177021,"albedobaseXL_v21"
1079177752,"icedcoffeexl_V20"
1079363995,"sdxlUnstableDiffusers_v11Rundiffusion"
1079536646,"Hybase Model"
1079551616,"albedobaseXL_v21"
1079559198,"albedobaseXL_v21"
1079561830,"icedcoffeexl_V20"
1079562355,"albedobaseXL_v21"
1079562771,"sdxlUnstableDiffusers_v11Rundiffusion"
1079577883,"icedcoffeexl_V20"
1079897870,"newrealityxl_vnsfw"
1079898883,"albedobaseXL_v21"
1079900987,"albedobaseXL_v21"
1079901990,"albedobaseXL_v21"
1079912668,"albedobaseXL_v21"
1079913906,"albedobaseXL_v21"
1079917019,"albedobaseXL_v21"
1079918214,"albedobaseXL_v21"
1079919200,"albedobaseXL_v21"
1080477691,"icedcoffeexl_V20"
1080480350,"icedcoffeexl_V20"
1080494394,"albedobaseXL_v21"
1080504124,"albedobaseXL_v21"
1080860424,"albedobaseXL_v21"
1080861983,"albedobaseXL_v21"
1080863005,"albedobaseXL_v21"
1080865137,"albedobaseXL_v21"
1080867102,"albedobaseXL_v21"
1080873021,"albedobaseXL_v21"
1080873702,"albedobaseXL_v21"
1080874373,"albedobaseXL_v21"
1080874891,"albedobaseXL_v21"
1081192112,"albedobaseXL_v21"
1081472948,"sdxlUnstableDiffusers_v11Rundiffusion"
1081588901,"sdxlUnstableDiffusers_v11Rundiffusion"
1081590034,"sdxlUnstableDiffusers_v11Rundiffusion"
1081590814,"sdxlUnstableDiffusers_v11Rundiffusion"
1081591718,"albedobaseXL_v21"
1081600948,"albedobaseXL_v21"
1081601659,"albedobaseXL_v21"
1081851711,"sdxlUnstableDiffusers_v11Rundiffusion"
1081852999,"icedcoffeexl_V20"
1081877319,"albedobaseXL_v21"
1081905903,"icedcoffeexl_V20"
1081908053,"albedobaseXL_v21"
1081912388,"icedcoffeexl_V20"
1081913995,"icedcoffeexl_V20"
1082260973,"Hybase Model"
1082262806,"sdxlUnstableDiffusers_v11Rundiffusion"
1082263385,"Hybase Model"
1082264122,"icedcoffeexl_V20"
1082272513,"Hybase Model"
1082329577,"albedobaseXL_v21"
1082329877,"albedobaseXL_v21"
1082634382,"icedcoffeexl_V20"
1082635243,"icedcoffeexl_V20"
1082865947,"Hybase Model"
1083457132,"albedobaseXL_v21"
1083462388,"Hybase Model"
1083693336,"Hybase Model"
1083865026,"Hybase Model"
1084044654,"Hybase Model"
1084093489,"Hybase Model"
1085011865,"Hybase Model"
1085038283,"albedobaseXL_v21"
1085343321,"Hybase Model"
1085344334,"Hybase Model"
1085345088,"Hybase Model"
1085345661,"Hybase Model"
1085346166,"Hybase Model"
1085361543,"Hybase Model"
1085387760,"Hybase Model"
1085446982,"Hybase Model"
1085450123,"Hybase Model"
1085451081,"Hybase Model"
1085453388,"Hybase Model"
1085573449,"Hybase Model"
1085575143,"Hybase Model"
1085576885,"Hybase Model"
1085577908,"Hybase Model"
1085578877,"Hybase Model"
1085579949,"Hybase Model"
1085735953,"Hybase Model"
1085740603,"Hybase Model"
1085929884,"Hybase Model"
1085931268,"Hybase Model"
1085935296,"Hybase Model"
1086100542,"Hybase Model"
1086685366,"Hybase Model"
1086720305,"Hybase Model"
1086721981,"Hybase Model"
1086724550,"Hybase Model"
1087062770,"Hybase Model"
1087063683,"Hybase Model"
1087064385,"Hybase Model"
1087067478,"Hybase Model"
1087069767,"Hybase Model"
1087070650,"Hybase Model"
1087071743,"Hybase Model"
1087131784,"flux1-dev-bnb-nf4-v2"
1087423803,"flux1-dev-bnb-nf4-v2"
1087424921,"flux1-dev-bnb-nf4-v2"
1087426274,"flux1-dev-bnb-nf4-v2"
1087428133,"flux1-dev-bnb-nf4-v2"
1087429559,"flux1-dev-bnb-nf4-v2"
1087667066,"flux1-dev-bnb-nf4-v2"
1087668267,"flux1-dev-bnb-nf4-v2"
1087669067,"flux1-dev-bnb-nf4-v2"
1087669817,"flux1-dev-bnb-nf4-v2"
1087670546,"flux1-dev-bnb-nf4-v2"
1087675390,"flux1-dev-bnb-nf4-v2"
1087676206,"flux1-dev-bnb-nf4-v2"
1087676935,"flux1-dev-bnb-nf4-v2"
1087677765,"flux1-dev-bnb-nf4-v2"
1087713547,"flux1-dev-bnb-nf4-v2"
1087715782,"flux1-dev-bnb-nf4-v2"
1088054162,"Hybase Model"
1088125625,"flux1-dev-bnb-nf4-v2"
1088128475,"flux1-dev-bnb-nf4-v2"
1088129256,"flux1-dev-bnb-nf4-v2"
1088130208,"flux1-dev-bnb-nf4-v2"
1088131631,"flux1-dev-bnb-nf4-v2"
1088132544,"flux1-dev-bnb-nf4-v2"
1088133432,"flux1-dev-bnb-nf4-v2"
1088134427,"flux1-dev-bnb-nf4-v2"
1088215124,"flux1-dev-bnb-nf4-v2"
1088438323,"flux1-dev-bnb-nf4-v2"
1088622197,"flux1-dev-bnb-nf4-v2"
1088993677,"Hybase Model"
1089450493,"fluxunchainedNF4_fluxunchainedV11NF4"
1089452590,"flux1-dev-bnb-nf4-v2"
1089457696,"flux1-dev-bnb-nf4-v2"
1089755124,"fluxunchainedNF4_fluxunchainedV11NF4"
1089962911,"fluxunchainedNF4_fluxunchainedV11NF4"
1089964764,"fluxunchainedNF4_fluxunchainedV11NF4"
1090906645,"Hybase Model"
1090915381,"Hybase Model"
1090924493,"Hybase Model"
1091177102,"Hybase Model"
1091290062,"Hybase Model"
1091839188,"flux1-dev-bnb-nf4-v2"
1091840071,"flux1-dev-bnb-nf4-v2"
1091840872,"Hybase Model"
1091841329,"Hybase Model"
1091842527,"Hybase Model"
1091843112,"Hybase Model"
1091843682,"Hybase Model"
1091844133,"Hybase Model"
1091844547,"Hybase Model"
1091974815,"Hybase Model"
1091976483,"Hybase Model"
1092000313,"Hybase Model"
1092085458,"flux1-dev-bnb-nf4-v2"
1092219822,"flux1-dev-bnb-nf4-v2"
1092220995,"flux1-dev-bnb-nf4-v2"
1092366576,"flux1-dev-bnb-nf4-v2"
1092367933,"flux1-dev-bnb-nf4-v2"
1092368722,"flux1-dev-bnb-nf4-v2"
1092369580,"Hybase Model"
1092424628,"flux1-dev-bnb-nf4-v2"
1093828301,"fluxunchainedNF4_fluxunchainedV11NF4"
1093834861,"fluxunchainedNF4_fluxunchainedV11NF4"
1094014504,"flux1-dev-bnb-nf4-v2"
1094112913,"flux1-dev-bnb-nf4-v2"
1094475348,"Hybase Model"
1094477028,"fluxunchainedNF4_fluxunchainedV11NF4"
1094943330,"Hybase Model"
1094945252,"Hybase Model"
1094946336,"Hybase Model"
1095245971,"fluxunchainedNF4_fluxunchainedV11NF4"
1095263233,"Hybase Model"
1095264883,"Hybase Model"
1095300521,"Hybase Model"
1095313251,"Hybase Model"
1095889689,"Model not found"
1095895188,"flux1-dev-bnb-nf4-v2"
1095908736,"Hybase Model"
1095926522,"Hybase Model"
1095928182,"Hybase Model"
1095962192,"flux1-dev-bnb-nf4-v2"
1095962931,"flux1-dev-bnb-nf4-v2"
1095964340,"flux1-dev-bnb-nf4-v2"
1097060147,"flux1-dev-bnb-nf4-v2"
1097061580,"flux1-dev-bnb-nf4-v2"
1097415408,"flux_dev"
1097418523,"flux_dev"
1097419602,"flux_dev"
1097421317,"flux_dev"
1097560646,"flux_dev"
1097563063,"flux_dev"
1097916345,"flux_dev"
1097918974,"flux_dev"
1097919634,"flux_dev"
1097920482,"flux_dev"
1097921318,"flux_dev"
1097922294,"flux_dev"
1097923637,"flux_dev"
1097924626,"flux_dev"
1097930318,"flux_dev"
1098116392,"flux_dev"
1098119384,"flux_dev"
1098122979,"flux_dev"
1098261067,"flux_dev"
1098287659,"flux_dev"
1098289219,"flux_dev"
1098289851,"flux_dev"
1098290778,"flux_dev"
1098486277,"Hybase Model"
1098488817,"flux_dev"
1098494210,"flux_dev"
1098495816,"flux_dev"
1098502273,"flux_dev"
1099444369,"flux-hyp16-Q5_0"
1099445520,"Hybase Model"
1099446742,"flux-hyp16-Q5_0"
1099449680,"flux-hyp16-Q5_0"
1099450556,"Hybase Model"
1099453033,"flux-hyp16-Q5_0"
1099489273,"flux-hyp16-Q5_0"
1100194412,"flux-hyp16-Q5_0"
1100195625,"flux-hyp16-Q5_0"
1100197006,"flux-hyp16-Q5_0"
1100198233,"flux-hyp16-Q5_0"
1100361441,"flux-hyp16-Q5_0"
1100362314,"flux-hyp16-Q5_0"
1100363162,"flux-hyp16-Q5_0"
1100524826,"flux-hyp16-Q5_0"
1100583342,"flux-hyp16-Q5_0"
1100728840,"flux-hyp16-Q5_0"
1100730055,"flux-hyp16-Q5_0"
1102028328,"flux-hyp16-Q5_0"
1102030149,"flux-hyp16-Q5_0"
1102033212,"flux-hyp16-Q5_0"
1102034480,"flux-hyp16-Q5_0"
1102036471,"flux-hyp16-Q5_0"
1102037553,"flux-hyp16-Q5_0"
1102039814,"flux-hyp16-Q5_0"
1102391262,"Hybase Model"
1102411109,"flux-hyp16-Q5_0"
1102420118,"flux-hyp16-Q5_0"
1102753339,"flux-hyp16-Q5_0"
1102756121,"flux-hyp16-Q5_0"
1102767773,"flux-hyp16-Q5_0"
1102768365,"flux-hyp16-Q5_0"
1102902763,"flux-hyp16-Q5_0"
1102903313,"flux-hyp16-Q5_0"
1103067447,"flux-hyp16-Q5_0"
1103070002,"Hybase Model"
1103071974,"flux-hyp16-Q5_0"
1103072935,"flux-hyp16-Q5_0"
1103074779,"Hybase Model"
1103078325,"flux-hyp16-Q5_0"
1103082831,"flux-hyp16-Q5_0"
1103087074,"flux-hyp16-Q5_0"
1103114441,"flux-hyp16-Q5_0"
1103246375,"flux-hyp16-Q5_0"
1103246858,"flux-hyp16-Q5_0"
1103415013,"flux-hyp16-Q5_0"
1103643680,"flux-hyp16-Q5_0"
1103680389,"flux-hyp16-Q5_0"
1103681634,"flux-hyp16-Q5_0"
1103691351,"flux-hyp16-Q5_0"
1103692085,"flux-hyp16-Q5_0"
1103693597,"flux-hyp16-Q5_0"
1103707852,"flux-hyp16-Q5_0"
1103762332,"flux-hyp16-Q5_0"
1103843013,"Hybase Model"
1103998846,"Hybase Model"
1104020239,"Hybase Model"
1104022401,"flux-hyp16-Q5_0"
1104075175,"Hybase Model"
1104088518,"flux-hyp16-Q5_0"
1104100083,"flux-hyp16-Q5_0"
1104102697,"Hybase Model"
1104170844,"flux-hyp16-Q5_0"
1104173090,"Hybase Model"
1104521067,"flux-hyp16-Q5_0"
1104524764,"flux-hyp16-Q5_0"
1104561436,"flux-hyp16-Q5_0"
1104589025,"flux-hyp16-Q5_0"
1105014410,"flux-hyp16-Q5_0"
1105198104,"flux-hyp16-Q5_0"
1105198963,"flux-hyp16-Q5_0"
1105207327,"flux-hyp16-Q5_0"
1105404717,"flux-hyp16-Q5_0"
1105450903,"flux-hyp16-Q5_0"
1105453289,"flux-hyp16-Q5_0"
1105643714,"Hybase Model"
1105795214,"flux-hyp16-Q5_0"
1105851127,"flux-hyp16-Q5_0"
1105853419,"flux-hyp16-Q5_0"
1105876800,"flux-hyp16-Q5_0"
1105978569,"Hybase Model"
1105986827,"flux-hyp16-Q5_0"
1106027422,"flux-hyp16-Q5_0"
1106027906,"flux-hyp16-Q5_0"
1106116381,"flux-hyp16-Q5_0"
1106155565,"flux-hyp16-Q5_0"
1106402048,"flux-hyp16-Q5_0"
1106420134,"flux-hyp16-Q5_0"
1106436750,"flux-hyp16-Q5_0"
1106438798,"flux-hyp16-Q5_0"
1106439530,"flux-hyp16-Q5_0"
1106441172,"flux-hyp16-Q5_0"
1106448163,"flux-hyp16-Q5_0"
1106475394,"Hybase Model"
1106585719,"flux-hyp16-Q5_0"
1106586549,"flux-hyp16-Q5_0"
1106590869,"flux-hyp16-Q5_0"
1106595797,"flux-hyp16-Q5_0"
1106597124,"flux-hyp16-Q5_0"
1106601221,"flux-hyp16-Q5_0"
1106685690,"flux-hyp16-Q5_0"
1106686704,"flux-hyp16-Q5_0"
1106844624,"flux-hyp16-Q5_0"
1106845165,"flux-hyp16-Q5_0"
1106845704,"flux-hyp16-Q5_0"
1106847111,"flux-hyp16-Q5_0"
1106848319,"flux-hyp16-Q5_0"
1106849347,"flux-hyp16-Q5_0"
1106917561,"flux-hyp16-Q5_0"
1106940665,"flux-hyp16-Q5_0"
1106944685,"flux-hyp16-Q5_0"
1107068273,"Hybase Model"
1107435573,"flux-hyp16-Q5_0"
1107496060,"flux-hyp16-Q5_0"
1107500954,"flux-hyp16-Q5_0"
1107658882,"flux-hyp16-Q5_0"
1107659396,"flux-hyp16-Q5_0"
1107660073,"flux-hyp16-Q5_0"
1107660619,"flux-hyp16-Q5_0"
1107661272,"flux-hyp16-Q5_0"
1107661924,"flux-hyp16-Q5_0"
1107663621,"flux-hyp16-Q5_0"
1107797140,"flux-hyp16-Q5_0"
1107807727,"Hybase Model"
1108180207,"flux-hyp16-Q5_0"
1108194936,"Hybase Model"
1108246958,"Hybase Model"
1108256213,"Hybase Model"
1108364852,"flux-hyp16-Q5_0"
1108365336,"flux-hyp16-Q5_0"
1108366831,"flux-hyp16-Q5_0"
1108373465,"Hybase Model"
1108379764,"flux-hyp16-Q5_0"
1108539771,"flux-hyp16-Q5_0"
1108593238,"Hybase Model"
1108867495,"Hybase Model"
1108892897,"flux-hyp16-Q5_0"
1108894085,"flux-hyp16-Q5_0"
1109116903,"flux-hyp16-Q5_0"
1109117688,"flux-hyp16-Q5_0"
1109120412,"Hybase Model"
1109144761,"flux-hyp16-Q5_0"
1109526082,"flux-hyp16-Q5_0"
1109527484,"flux-hyp16-Q5_0"
1109528190,"flux-hyp16-Q5_0"
1109528804,"flux-hyp16-Q5_0"
1109529949,"Hybase Model"
1109532647,"flux-hyp16-Q5_0"
1109533522,"flux-hyp16-Q5_0"
1109541309,"Hybase Model"
1109544877,"flux-hyp16-Q5_0"
1109547460,"flux-hyp16-Q5_0"
1109570174,"Hybase Model"
1109574067,"flux-hyp16-Q5_0"
1109607040,"Hybase Model"
1109967143,"Hybase Model"
1109968499,"flux-hyp16-Q5_0"
1110107233,"flux-hyp16-Q5_0"
1110147557,"Hybase Model"
1110170130,"flux-hyp16-Q5_0"
1110323321,"flux-hyp16-Q5_0"
1110343096,"flux-hyp16-Q5_0"
1110344438,"flux-hyp16-Q5_0"
1110573662,"Hybase Model"
1110576961,"flux-hyp16-Q5_0"
1110726245,"flux-hyp16-Q5_0"
1110727199,"flux-hyp16-Q5_0"
1110900015,"Hybase Model"
1111086012,"flux-hyp16-Q5_0"
1111087058,"flux-hyp16-Q5_0"
1111094505,"flux-hyp16-Q5_0"
1111260499,"flux-hyp16-Q5_0"
1111261859,"flux-hyp16-Q5_0"
1111263397,"flux-hyp16-Q5_0"
1111264615,"flux-hyp16-Q5_0"
1111271735,"Hybase Model"
1111291168,"flux-hyp16-Q5_0"
1111447140,"flux-hyp16-Q5_0"
1111448240,"flux-hyp16-Q5_0"
1111449013,"flux-hyp16-Q5_0"
1111516542,"flux-hyp16-Q5_0"
1111520011,"flux-hyp16-Q5_0"
1111546221,"flux-hyp16-Q5_0"
1111672076,"flux-hyp16-Q5_0"
1111766343,"flux-hyp16-Q5_0"
1111772286,"Hybase Model"
1114816538,"autismmixSDXL_autismmixPony"
1114817615,"autismmixSDXL_autismmixPony"
1114846843,"autismmixSDXL_autismmixPony"
1114882057,"autismmixSDXL_autismmixPony"
1114941937,"autismmixSDXL_autismmixPony"
1115028599,"autismmixSDXL_autismmixPony"
1115031620,"autismmixSDXL_autismmixPony"
1115181992,"autismmixSDXL_autismmixPony"
1115184801,"autismmixSDXL_autismmixPony"
1115185433,"autismmixSDXL_autismmixPony"
1115188595,"autismmixSDXL_autismmixPony"
1115356406,"autismmixSDXL_autismmixPony"
1115423202,"autismmixSDXL_autismmixPony"
1115433144,"autismmixSDXL_autismmixPony"
1116413960,"Hybase Model"
1116483418,"Hybase Model"
1116488046,"flux-hyp16-Q5_0"
1116963787,"flux-hyp16-Q5_0"
1116994509,"flux-hyp16-Q5_0"
1116995544,"flux-hyp16-Q5_0"
1117001260,"flux-hyp16-Q5_0"
1117010880,"flux-hyp16-Q5_0"
1117011760,"flux-hyp16-Q5_0"
1117017838,"flux-hyp16-Q5_0"
1117173330,"flux-hyp16-Q5_0"
1117195644,"flux-hyp16-Q5_0"
1117220170,"Hybase Model"
1117355800,"Hybase Model"
1117473884,"Hybase Model"
1117483408,"flux-hyp16-Q5_0"
1117602935,"flux-hyp16-Q5_0"
1117603465,"flux-hyp16-Q5_0"
1117619955,"flux-hyp16-Q5_0"
1117625734,"flux-hyp16-Q5_0"
1117649474,"flux-hyp16-Q5_0"
1117669933,"flux-hyp16-Q5_0"
1117756478,"flux-hyp16-Q5_0"
1117776271,"flux-hyp16-Q5_0"
1117873277,"Hybase Model"
1117877590,"Hybase Model"
1117887305,"flux-hyp16-Q5_0"
1117903007,"flux-hyp16-Q5_0"
1118037089,"flux-hyp16-Q5_0"
1118038922,"flux-hyp16-Q5_0"
1118040339,"flux-hyp16-Q5_0"
1118041330,"flux-hyp16-Q5_0"
1118042172,"flux-hyp16-Q5_0"
1118043800,"flux-hyp16-Q5_0"
1118045775,"flux-hyp16-Q5_0"
1118048220,"flux-hyp16-Q5_0"
1118049363,"flux-hyp16-Q5_0"
1118286229,"flux-hyp16-Q5_0"
1118695780,"flux-hyp16-Q5_0"
1118698207,"flux-hyp16-Q5_0"
1118855542,"flux-hyp16-Q5_0"
1118856107,"flux-hyp16-Q5_0"
1119030847,"autismmixSDXL_autismmixPony"
1119075728,"autismmixSDXL_autismmixPony"
1119226838,"flux-hyp16-Q5_0"
1119662132,"fluxunchainedNF4_fluxunchainedV11NF4"
1119835290,"Hybase Model"
1119836778,"fluxunchainedNF4_fluxunchainedV11NF4"
1119837749,"fluxunchainedNF4_fluxunchainedV11NF4"
1119840269,"fluxunchainedNF4_fluxunchainedV11NF4"
1119852461,"ponyRealism_V22MainVAE"
1119854666,"fluxunchainedNF4_fluxunchainedV11NF4"
1120011362,"Hybase Model"
1120017290,"ponyRealism_V22MainVAE"
1120114446,"Hybase Model"
1120215332,"flux-hyp16-Q5_0"
1120416659,"flux-hyp16-Q5_0"
1120417732,"flux-hyp16-Q5_0"
1120420388,"Hybase Model"
1121014602,"flux-hyp16-Q5_0"
1121017780,"flux-hyp16-Q5_0"
1121157498,"autismmixSDXL_autismmixPony"
1121159762,"flux-hyp16-Q5_0"
1121164628,"Hybase Model"
1121183396,"Hybase Model"
1121186551,"fluxunchainedNF4_fluxunchainedV11NF4"
1121792148,"realDream_sdxlPony12"
1121951617,"Hybase Model"
1121953725,"flux-hyp16-Q5_0"
1122105763,"flux-hyp16-Q5_0"
1122298191,"flux-hyp16-Q5_0"
1122299966,"flux-hyp16-Q5_0"
1122301940,"flux-hyp16-Q5_0"
1123236124,"Hybase Model"
1123484672,"Hybase Model"
1123488080,"Hybase Model"
1123648736,"Hybase Model"
1123650273,"Hybase Model"
1123726671,"Model not found"
1124773517,"Hybase Model"
1124778636,"Hybase Model"
1124815347,"realDream_sdxlPony12"
1124815963,"autismmixSDXL_autismmixPony"
1124817483,"fluxunchainedNF4_fluxunchainedV11NF4"
1124818886,"fluxunchainedNF4_fluxunchainedV11NF4"
1125038408,"fluxunchainedNF4_fluxunchainedV11NF4"
1125141404,"flux-hyp16-Q5_0"
1125295245,"Hybase Model"
1125307769,"pornmasterPro_unrealPonyV1VAE"
1125308563,"Hybase Model"
1125309887,"Hybase Model"
1125325522,"autismmixSDXL_autismmixPony"
1125384086,"flux-hyp16-Q5_0"
1125665150,"flux-hyp16-Q5_0"
1125666611,"Hybase Model"
1126033200,"Hybase Model"
1126205888,"Hybase Model"
1126254887,"flux-hyp16-Q5_0"
1126420862,"flux-hyp16-Q5_0"
1126422051,"flux-hyp16-Q5_0"
1126422810,"flux-hyp16-Q5_0"
1126424273,"flux-hyp16-Q5_0"
1126425111,"flux-hyp16-Q5_0"
1126425552,"flux-hyp16-Q5_0"
1126426110,"flux-hyp16-Q5_0"
1126974956,"flux-hyp16-Q5_0"
1126977124,"flux-hyp16-Q5_0"
1126978284,"flux-hyp16-Q5_0"
1126979579,"flux-hyp16-Q5_0"
1126980901,"flux-hyp16-Q5_0"
1126981839,"flux-hyp16-Q5_0"
1126982291,"flux-hyp16-Q5_0"
1126984530,"flux-hyp16-Q5_0"
1126986436,"flux-hyp16-Q5_0"
1126987290,"flux-hyp16-Q5_0"
1126988141,"flux-hyp16-Q5_0"
1126989169,"flux-hyp16-Q5_0"
1126990625,"flux-hyp16-Q5_0"
1126991434,"flux-hyp16-Q5_0"
1126992612,"flux-hyp16-Q5_0"
1126999246,"flux-hyp16-Q5_0"
1127000876,"flux-hyp16-Q5_0"
1127002336,"flux-hyp16-Q5_0"
1127007476,"flux-hyp16-Q5_0"
1127037364,"Model not found"
1127038852,"Model not found"
1127070755,"flux-hyp16-Q5_0"
1127373382,"flux-hyp16-Q5_0"
1127403611,"flux-hyp16-Q5_0"
1127538139,"flux-hyp16-Q5_0"
1127907314,"autismmixSDXL_autismmixPony"
1127911055,"autismmixSDXL_autismmixPony"
1127919753,"flux-hyp16-Q5_0"
1127924225,"flux-hyp16-Q5_0"
1127950640,"flux-hyp16-Q5_0"
1127951951,"flux-hyp16-Q5_0"
1127966620,"flux-hyp16-Q5_0"
1127982336,"Hybase Model"
1129539840,"flux-hyp16-Q5_0"
1129543068,"Hybase Model"
1129543963,"Hybase Model"
1131347147,"flux-hyp16-Q5_0"
1131389897,"Hybase Model"
1131390483,"Hybase Model"
1131391422,"Model not found"
1131392371,"Model not found"
1131394079,"Model not found"
1131394755,"Model not found"
1131397218,"Model not found"
1131424081,"Hybase Model"
1131425324,"Hybase Model"
1131426018,"Model not found"
1131426831,"Model not found"
1131430419,"Model not found"
1131570857,"Model not found"
1131789152,"flux-hyp16-Q5_0"
1131790505,"flux-hyp16-Q5_0"
1131791289,"flux-hyp16-Q5_0"
1132415852,"flux-hyp16-Q5_0"
1132417988,"flux-hyp16-Q5_0"
1132422976,"flux-hyp16-Q5_0"
1132428105,"Hybase Model"
1132429018,"flux-hyp16-Q5_0"
1132819795,"flux-hyp16-Q5_0"
1132952243,"flux-hyp16-Q5_0"
1132954233,"flux-hyp16-Q5_0"
1133140551,"flux-hyp16-Q5_0"
1133142191,"flux-hyp16-Q5_0"
1133143775,"flux-hyp16-Q5_0"
1133145885,"flux-hyp16-Q5_0"
1133147514,"flux-hyp16-Q5_0"
1133173916,"flux-hyp16-Q5_0"
1134307594,"flux-hyp16-Q5_0"
1134311356,"flux-hyp16-Q5_0"
1134502220,"Hybase Model"
1134503576,"flux-hyp16-Q5_0"
1134505137,"flux-hyp16-Q5_0"
1134739714,"flux-hyp16-Q5_0"
1135086708,"flux-hyp16-Q5_0"
1135109605,"flux-hyp16-Q5_0"
1135296724,"flux-hyp16-Q5_0"
1135298167,"flux-hyp16-Q5_0"
1135299880,"Hybase Model"
1135301997,"flux-hyp16-Q5_0"
1135303327,"flux-hyp16-Q5_0"
1135305624,"flux-hyp16-Q5_0"
1135559847,"flux-hyp16-Q5_0"
1135561373,"flux-hyp16-Q5_0"
1135562314,"flux-hyp16-Q5_0"
1135564320,"flux-hyp16-Q5_0"
1135565172,"flux-hyp16-Q5_0"
1135567612,"flux-hyp16-Q5_0"
1135970056,"flux-hyp16-Q5_0"
1135990850,"flux-hyp16-Q5_0"
1135993075,"autismmixSDXL_autismmixPony"
1136497362,"autismmixSDXL_autismmixPony"
1136549064,"autismmixSDXL_autismmixPony"
1136550379,"autismmixSDXL_autismmixPony"
1136551352,"autismmixSDXL_autismmixPony"
1136590281,"autismmixSDXL_autismmixPony"
1136591336,"autismmixSDXL_autismmixPony"
1136632777,"autismmixSDXL_autismmixPony"
1136634112,"Hybase Model"
1136635138,"autismmixSDXL_autismmixPony"
1136651272,"autismmixSDXL_autismmixPony"
1137953814,"flux-hyp16-Q5_0"
1137956562,"pornmasterPro_unrealPonyV1VAE"
1137957571,"pornmasterPro_unrealPonyV1VAE"
1137960075,"autismmixSDXL_autismmixPony"
1137963161,"autismmixSDXL_autismmixPony"
1138116649,"autismmixSDXL_autismmixPony"
1138118365,"autismmixSDXL_autismmixPony"
1138124452,"autismmixSDXL_autismmixPony"
1138128358,"autismmixSDXL_autismmixPony"
1138130581,"autismmixSDXL_autismmixPony"
1138135863,"autismmixSDXL_autismmixPony"
1140106976,"Hybase Model"
1140227218,"flux-hyp16-Q5_0"
1140338562,"flux-hyp16-Q5_0"
1140340531,"flux-hyp16-Q5_0"
1140342273,"flux-hyp16-Q5_0"
1140343797,"flux-hyp16-Q5_0"
1140344987,"flux-hyp16-Q5_0"
1140346484,"flux-hyp16-Q5_0"
1140347446,"flux-hyp16-Q5_0"
1140349050,"flux-hyp16-Q5_0"
1140350541,"flux-hyp16-Q5_0"
1140351641,"flux-hyp16-Q5_0"
1140369028,"flux-hyp16-Q5_0"
1140586329,"flux-hyp16-Q5_0"
1140686900,"Hybase Model"
1141020846,"flux-hyp16-Q5_0"
1141023078,"flux-hyp16-Q5_0"
1141023711,"flux-hyp16-Q5_0"
1141024988,"flux-hyp16-Q5_0"
1141026332,"flux-hyp16-Q5_0"
1141026884,"flux-hyp16-Q5_0"
1141029370,"Hybase Model"
1141043506,"flux-hyp16-Q5_0"
1141044962,"flux-hyp16-Q5_0"
1141046335,"flux-hyp16-Q5_0"
1141057683,"Model not found"
1141058285,"flux-hyp16-Q5_0"
1141064718,"Model not found"
1141155901,"flux-hyp16-Q5_0"
1141157949,"flux-hyp16-Q5_0"
1141159081,"flux-hyp16-Q5_0"
1141161333,"Model not found"
1141162755,"Model not found"
1141164681,"flux-hyp16-Q5_0"
1141425585,"autismmixSDXL_autismmixPony"
1141845098,"flux-hyp16-Q5_0"
1141846253,"flux-hyp16-Q5_0"
1141847680,"flux-hyp16-Q5_0"
1142762958,"flux-hyp16-Q5_0"
1142763678,"flux-hyp16-Q5_0"
1142767007,"flux-hyp16-Q5_0"
1142769642,"Hybase Model"
1142770343,"flux-hyp16-Q5_0"
1142771659,"flux-hyp16-Q5_0"
1142772137,"Hybase Model"
1142772707,"Hybase Model"
1142775093,"flux-hyp16-Q5_0"
1142776020,"flux-hyp16-Q5_0"
1142776668,"flux-hyp16-Q5_0"
1142778645,"flux-hyp16-Q5_0"
1142779995,"flux-hyp16-Q5_0"
1142781083,"flux-hyp16-Q5_0"
1143233717,"flux-hyp16-Q5_0"
1143234670,"flux-hyp16-Q5_0"
1143235813,"flux-hyp16-Q5_0"
1143241941,"Hybase Model"
1143243339,"flux-hyp16-Q5_0"
1143246827,"flux-hyp16-Q5_0"
1143247206,"flux-hyp16-Q5_0"
1143248252,"flux-hyp16-Q5_0"
1143344353,"flux-hyp16-Q5_0"
1143345288,"flux-hyp16-Q5_0"
1143346743,"flux-hyp16-Q5_0"
1143347713,"flux-hyp16-Q5_0"
1143348481,"flux-hyp16-Q5_0"
1143350118,"flux-hyp16-Q5_0"
1143352598,"flux-hyp16-Q5_0"
1143354397,"flux-hyp16-Q5_0"
1143356093,"flux-hyp16-Q5_0"
1143845452,"flux-hyp16-Q5_0"
1144237569,"autismmixSDXL_autismmixPony"
1144800059,"flux-hyp16-Q5_0"
1144802646,"flux-hyp16-Q5_0"
1144803229,"flux-hyp16-Q5_0"
1145384246,"Hybase Model"
1145656452,"Hybase Model"
1145661212,"Hybase Model"
1145671690,"Hybase Model"
1146079878,"autismmixSDXL_autismmixPony"
1146093472,"autismmixSDXL_autismmixPony"
1148015955,"Model not found"
1148206292,"Model not found"
1148207515,"Model not found"
1148220263,"flux-hyp16-Q5_0"
1148232258,"Hybase Model"
1148232724,"Model not found"
1148233140,"Model not found"
1148233460,"Hybase Model"
1148234041,"Model not found"
1148234339,"Model not found"
1148235429,"Model not found"
1148258100,"Model not found"
1148270939,"Hybase Model"
1148271701,"Hybase Model"
1148272307,"Hybase Model"
1148286933,"Hybase Model"
1148470766,"flux-hyp16-Q5_0"
1148471365,"Hybase Model"
1148472937,"flux-hyp16-Q5_0"
1148595556,"flux-hyp16-Q5_0"
1148596591,"flux-hyp16-Q5_0"
1148597906,"Hybase Model"
1148599528,"flux-hyp16-Q5_0"
1148600513,"flux-hyp16-Q5_0"
1148608701,"Model not found"
1148611992,"Model not found"
1148853521,"flux-hyp16-Q5_0"
1148857124,"flux-hyp16-Q5_0"
1148859034,"flux-hyp16-Q5_0"
1148861191,"flux-hyp16-Q5_0"
1148862258,"flux-hyp16-Q5_0"
1148868106,"Hybase Model"
1148871435,"flux-hyp16-Q5_0"
1148872552,"flux-hyp16-Q5_0"
1148880815,"Hybase Model"
1148889616,"flux-hyp16-Q5_0"
1149028122,"flux-hyp16-Q5_0"
1149035021,"Hybase Model"
1149266372,"flux-hyp16-Q5_0"
1149268555,"flux-hyp16-Q5_0"
1149273508,"flux-hyp16-Q5_0"
1149456602,"flux-hyp16-Q5_0"
1149457088,"flux-hyp16-Q5_0"
1149458592,"flux-hyp16-Q5_0"
1149459267,"flux-hyp16-Q5_0"
1149459780,"flux-hyp16-Q5_0"
1149460993,"flux-hyp16-Q5_0"
1149463015,"flux-hyp16-Q5_0"
1149631154,"flux-hyp16-Q5_0"
1149727387,"flux-hyp16-Q5_0"
1149727936,"Hybase Model"
1149728324,"flux-hyp16-Q5_0"
1149850917,"flux-hyp16-Q5_0"
1150058900,"flux-hyp16-Q5_0"
1150060195,"flux-hyp16-Q5_0"
1150073831,"flux-hyp16-Q5_0"
1150087043,"Hybase Model"
1150233805,"flux-hyp16-Q5_0"
1150433013,"Hybase Model"
1150435565,"flux-hyp16-Q5_0"
1150468993,"flux-hyp16-Q5_0"
1150598107,"flux-hyp16-Q5_0"
1150601750,"Hybase Model"
1150871226,"flux-hyp16-Q5_0"
1151025693,"flux-hyp16-Q5_0"
1151027129,"flux-hyp16-Q5_0"
1151048299,"Hybase Model"
1151188877,"Hybase Model"
1151274602,"flux-hyp16-Q5_0"
1151304432,"flux-hyp16-Q5_0"
1151408507,"flux-hyp16-Q5_0"
1151478195,"flux-hyp16-Q5_0"
1151579959,"Hybase Model"
1151581075,"flux-hyp16-Q5_0"
1151604212,"flux-hyp16-Q5_0"
1151668632,"flux-hyp16-Q5_0"
1151688494,"flux-hyp16-Q5_0"
1151846127,"flux-hyp16-Q5_0"
1151846835,"flux-hyp16-Q5_0"
1151847333,"flux-hyp16-Q5_0"
1151847952,"flux-hyp16-Q5_0"
1151848785,"flux-hyp16-Q5_0"
1152045550,"flux-hyp16-Q5_0"
1152046615,"flux-hyp16-Q5_0"
1152082980,"Hybase Model"
1152084099,"flux-hyp16-Q5_0"
1152237183,"Hybase Model"
1152238133,"flux-hyp16-Q5_0"
1152242480,"flux-hyp16-Q5_0"
1153315957,"Hybase Model"
1153319257,"flux-hyp16-Q5_0"
1153461326,"Hybase Model"
1153638802,"Hybase Model"
1153639511,"Hybase Model"
1153857086,"flux-hyp16-Q5_0"
1153857630,"Hybase Model"
1153858181,"autismmixSDXL_autismmixPony"
1153863234,"autismmixSDXL_autismmixPony"
1153930249,"autismmixSDXL_autismmixPony"
1154364204,"Hybase Model"
1154369610,"Hybase Model"
1154388057,"Hybase Model"
1154390445,"Hybase Model"
1154542701,"autismmixSDXL_autismmixPony"
1154816920,"Hybase Model"
1155061377,"Hybase Model"
1155201234,"flux-hyp16-Q5_0"
1155201713,"flux-hyp16-Q5_0"
1155494766,"flux-hyp16-Q5_0"
1155529278,"Hybase Model"
1155936845,"Hybase Model"
1156244952,"Hybase Model"
1156392408,"Hybase Model"
1156768497,"Hybase Model"
1156786716,"flux-hyp16-Q5_0"
1156788049,"flux-hyp16-Q5_0"
1156938246,"Model not found"
1156945367,"flux-hyp16-Q5_0"
1156946248,"Hybase Model"
1156947541,"flux-hyp16-Q5_0"
1156948744,"flux-hyp16-Q5_0"
1156949750,"flux-hyp16-Q5_0"
1156950384,"flux-hyp16-Q5_0"
1157332195,"flux-hyp16-Q5_0"
1157333771,"flux-hyp16-Q5_0"
1157338790,"flux-hyp16-Q5_0"
1157339457,"Hybase Model"
1157408702,"Model not found"
1157409454,"autismmixSDXL_autismmixPony"
1157440051,"Hybase Model"
1157738996,"Hybase Model"
1157972179,"autismmixSDXL_autismmixPony"
1158009818,"autismmixSDXL_autismmixPony"
1158166419,"Hybase Model"
1158376370,"albedobaseXL_v21"
1158387669,"autismmixSDXL_autismmixPony"
1158397989,"Hybase Model"
1158411844,"flux-hyp16-Q5_0"
1158493665,"albedobaseXL_v21"
1158510607,"Model not found"
1158759775,"Hybase Model"
1158815501,"Model not found"
1159862992,"Hybase Model"
1159869397,"flux-hyp16-Q5_0"
1160240097,"flux-hyp16-Q5_0"
1160307105,"flux-hyp16-Q5_0"
1160572395,"Hybase Model"
1160752067,"flux-hyp16-Q5_0"
1161165362,"Hybase Model"
1161609633,"Hybase Model"
1161762347,"flux-hyp16-Q5_0"
1161764395,"flux-hyp16-Q5_0"
1162163297,"Hybase Model"
1162164259,"flux-hyp16-Q5_0"
1162165087,"flux-hyp16-Q5_0"
1162171763,"flux-hyp16-Q5_0"
1162230755,"flux-hyp16-Q5_0"
1162236172,"flux-hyp16-Q5_0"
1162240397,"Hybase Model"
1162243114,"flux-hyp16-Q5_0"
1162264815,"flux-hyp16-Q5_0"
1162265524,"flux-hyp16-Q5_0"
1162276784,"flux-hyp16-Q5_0"
1162277246,"flux-hyp16-Q5_0"
1162378431,"flux-hyp16-Q5_0"
1162379839,"flux-hyp16-Q5_0"
1162383745,"flux-hyp16-Q5_0"
1162551409,"Hybase Model"
1162552929,"flux-hyp16-Q5_0"
1162556044,"flux-hyp16-Q5_0"
1162560822,"Model not found"
1163001205,"Hybase Model"
1163041927,"Hybase Model"
1163080917,"Hybase Model"
1163546992,"flux-hyp16-Q5_0"
1163558388,"autismmixSDXL_autismmixPony"
1163596128,"flux-hyp16-Q5_0"
1163744994,"flux-hyp16-Q5_0"
1163757062,"Hybase Model"
1163758612,"flux-hyp16-Q5_0"
1163999327,"Hybase Model"
1164154379,"Hybase Model"
1165064821,"flux-hyp16-Q5_0"
1165088880,"Hybase Model"
1165110133,"Hybase Model"
1165111732,"flux-hyp16-Q5_0"
1165342710,"Hybase Model"
1165343781,"flux-hyp16-Q5_0"
1165344783,"flux-hyp16-Q5_0"
1168224916,"flux-hyp16-Q5_0"
1168282285,"Hybase Model"
1168503717,"flux-hyp16-Q5_0"
1168523221,"flux-hyp16-Q5_0"
1168524844,"Hybase Model"
1168527795,"flux-hyp16-Q5_0"
1168529146,"Hybase Model"
1168668033,"flux-hyp16-Q5_0"
1168685051,"Hybase Model"
1169100285,"realDream_sdxlPony12"
1169298685,"flux-hyp16-Q5_0"
1169318613,"flux-hyp16-Q5_0"
1169703403,"flux-hyp16-Q5_0"
1170598867,"autismmixSDXL_autismmixPony"
1170723669,"flux-hyp16-Q5_0"
1170724163,"Hybase Model"
1171206443,"flux-hyp16-Q5_0"
1171235874,"flux-hyp16-Q5_0"
1171238813,"Hybase Model"
1171539086,"autismmixSDXL_autismmixPony"
1172122997,"flux-hyp16-Q5_0"
1172691702,"flux-hyp16-Q5_0"
1172692121,"flux-hyp16-Q5_0"
1172877439,"flux-hyp16-Q5_0"
1172878369,"flux-hyp16-Q5_0"
1175415211,"Hybase Model"
1175772799,"autismmixSDXL_autismmixPony"
1176030420,"autismmixSDXL_autismmixPony"
1176157607,"autismmixSDXL_autismmixPony"
1176161259,"autismmixSDXL_autismmixPony"
1176522560,"autismmixSDXL_autismmixPony"
1176540409,"autismmixSDXL_autismmixPony"
1176541287,"autismmixSDXL_autismmixPony"
1176556434,"Hybase Model"
1176563234,"Hybase Model"
1176758699,"autismmixSDXL_autismmixPony"
1176766489,"flux-hyp16-Q5_0"
1178138816,"realDream_sdxlPony12"
1178546013,"flux-hyp16-Q5_0"
1178679484,"flux-hyp16-Q5_0"
1178682722,"flux-hyp16-Q5_0"
1178854904,"Hybase Model"
1179049719,"flux-hyp16-Q5_0"
1179052530,"flux-hyp16-Q5_0"
1179346351,"Model not found"
1179500658,"autismmixSDXL_autismmixPony"
1179501802,"autismmixSDXL_autismmixPony"
1179504157,"realDream_sdxlPony12"
1179635950,"autismmixSDXL_autismmixPony"
1179941977,"flux-hyp16-Q5_0"
1180102620,"flux-hyp16-Q5_0"
1180298039,"Hybase Model"
1180305174,"Hybase Model"
1180710442,"Model not found"
1180930472,"autismmixSDXL_autismmixPony"
1181799249,"flux-hyp16-Q5_0"
1181938939,"realDream_sdxlPony12"
1182201067,"Model not found"
1182201863,"Model not found"
1182203031,"Model not found"
1182203629,"Model not found"
1182204054,"Model not found"
1182204614,"Model not found"
1182216862,"Model not found"
1182248276,"Model not found"
1182434854,"flux-hyp16-Q5_0"
1182554522,"Model not found"
1182557940,"Model not found"
1182842382,"Model not found"
1182978281,"Model not found"
1182982621,"Model not found"
1182983428,"Model not found"
1182994699,"Model not found"
1183171097,"Model not found"
1183172396,"Model not found"
1183173666,"Model not found"
1183215672,"Model not found"
1183216544,"Model not found"
1183217408,"Model not found"
1183217960,"Model not found"
1183218802,"Model not found"
1183223537,"Model not found"
1183332588,"Model not found"
1183339348,"flux-hyp16-Q5_0"
1183342169,"Model not found"
1183342909,"Model not found"
1183353337,"Model not found"
1183357560,"Model not found"
1183358616,"Model not found"
1183359297,"Model not found"
1183538496,"flux-hyp16-Q5_0"
1183539358,"flux-hyp16-Q5_0"
1183599950,"Model not found"
1183602472,"Model not found"
1183603485,"Model not found"
1183604442,"Hybase Model"
1183729207,"flux-hyp16-Q5_0"
1183949848,"Hybase Model"
1183967714,"Model not found"
1183969156,"Model not found"
1183970409,"Model not found"
1183970891,"Model not found"
1183971782,"Model not found"
1183972534,"Model not found"
1184104896,"Model not found"
1184105412,"Model not found"
1184106676,"Model not found"
1185903822,"Model not found"
1186037205,"Model not found"
1186658807,"Model not found"
1186770355,"Model not found"
1186770873,"Model not found"
1186772683,"Model not found"
1186974917,"Model not found"
1188461324,"Model not found"
1188509140,"Model not found"
1188522432,"Model not found"
1188627479,"Model not found"
1189004557,"flux-hyp16-Q5_0"
1193144359,"flux-hyp16-Q5_0"
1193146499,"flux-hyp16-Q5_0"
1193147843,"flux-hyp16-Q5_0"
1193149888,"flux-hyp16-Q5_0"
1193216210,"Model not found"
1193217342,"Model not found"
1193343716,"Model not found"
1193344072,"Model not found"
1193372216,"Hybase Model"
1193754816,"Model not found"
1193897549,"Hybase Model"
1193965735,"Model not found"
1194126760,"Model not found"
1194145271,"Model not found"
1194147971,"Model not found"
1194148618,"Model not found"
1194150639,"Model not found"
1194376202,"flux-hyp16-Q5_0"
1194714411,"Model not found"
1194731070,"Model not found"
1194782924,"Model not found"
1195606782,"autismmixSDXL_autismmixPony"
1195607909,"autismmixSDXL_autismmixPony"
1195628459,"flux-hyp16-Q5_0"
1195776254,"Hybase Model"
1196010508,"Hybase Model"
1196015240,"autismmixSDXL_autismmixPony"
1196016452,"autismmixSDXL_autismmixPony"
1196017366,"autismmixSDXL_autismmixPony"
1196024740,"Model not found"
1197175393,"Hybase Model"
1197264821,"flux-hyp16-Q5_0"
1197307891,"Model not found"
1197536539,"flux-hyp16-Q5_0"
1197893953,"Model not found"
1197894909,"Model not found"
1197895505,"Model not found"
1197896557,"Hybase Model"
1198098427,"Model not found"
1198122902,"Hybase Model"
1198319372,"flux-hyp16-Q5_0"
1198434633,"flux-hyp16-Q5_0"
1198445976,"flux-hyp16-Q5_0"
1198498655,"Model not found"
1198503145,"autismmixSDXL_autismmixPony"
1198632901,"flux-hyp16-Q5_0"
1198634064,"Model not found"
1198636386,"Hybase Model"
1198705307,"Model not found"
1198984180,"Hybase Model"
1199215680,"Model not found"
1199220395,"sdxlUnstableDiffusers_v11Rundiffusion"
1199381737,"sdxlUnstableDiffusers_v11Rundiffusion"
1199528204,"Model not found"
960184990,"Hybase Model"
960187856,"Hybase Model"
960192343,"Hybase Model"
960193218,"Hybase Model"
960196589,"Hybase Model"
960198218,"Hybase Model"
960198596,"Hybase Model"
960212912,"Hybase Model"
960213298,"Hybase Model"
960227709,"Hybase Model"
960230145,"Hybase Model"
960231449,"Hybase Model"
960237193,"Hybase Model"
960243783,"Hybase Model"
960244042,"Hybase Model"
960326519,"Hybase Model"
960326621,"Hybase Model"
960328526,"Hybase Model"
960331145,"Hybase Model"
960331198,"Hybase Model"
960332289,"Hybase Model"
960333790,"Hybase Model"
960339545,"Hybase Model"
960339996,"Hybase Model"
960340975,"Hybase Model"
960365516,"Hybase Model"
960367771,"Hybase Model"
960388410,"Hybase Model"
960420365,"Hybase Model"
960422750,"Hybase Model"
960423363,"Hybase Model"
960423656,"Hybase Model"
960484473,"Hybase Model"
960490600,"Hybase Model"
960490874,"Hybase Model"
960490925,"Hybase Model"
960490995,"Hybase Model"
960497153,"Hybase Model"
960497312,"Hybase Model"
960497439,"Hybase Model"
960497519,"Hybase Model"
960497564,"Hybase Model"
960497615,"Hybase Model"
960497702,"Hybase Model"
960497759,"Hybase Model"
960531782,"Hybase Model"
960532714,"Hybase Model"
960634018,"Hybase Model"
960634109,"Hybase Model"
960634246,"Hybase Model"
960634336,"Hybase Model"
960690805,"Hybase Model"
960690954,"Hybase Model"
960691000,"Hybase Model"
960691196,"Hybase Model"
960691264,"Hybase Model"
960691410,"Hybase Model"
960691607,"Hybase Model"
960691742,"Hybase Model"
960691820,"Hybase Model"
960691887,"Hybase Model"
960696615,"Hybase Model"
960724380,"Hybase Model"
960724527,"Hybase Model"
960724895,"Hybase Model"
960725009,"Hybase Model"
960726648,"Hybase Model"
960727957,"Hybase Model"
960728080,"Hybase Model"
960728156,"Hybase Model"
960728496,"Hybase Model"
960729547,"Hybase Model"
960775445,"Hybase Model"
960834038,"Hybase Model"
960834109,"Hybase Model"
960834167,"Hybase Model"
960834214,"Hybase Model"
960834260,"Hybase Model"
960834320,"Hybase Model"
960834369,"Hybase Model"
960834437,"Hybase Model"
960834531,"Hybase Model"
960835743,"Hybase Model"
960835833,"Hybase Model"
960835935,"Hybase Model"
960836012,"Hybase Model"
960836124,"Hybase Model"
960836216,"Hybase Model"
960836266,"Hybase Model"
960837053,"Hybase Model"
960850169,"Hybase Model"
960850233,"Hybase Model"
960850312,"Hybase Model"
960850348,"Hybase Model"
960851000,"Hybase Model"
960851475,"Hybase Model"
960851516,"Hybase Model"
960855827,"Hybase Model"
960855979,"Hybase Model"
960868825,"Hybase Model"
960911924,"Hybase Model"
960911998,"Hybase Model"
960912074,"Hybase Model"
960912102,"Hybase Model"
960912163,"Hybase Model"
960912271,"Hybase Model"
960912337,"Hybase Model"
960912563,"Hybase Model"
960912637,"Hybase Model"
960922870,"Hybase Model"
960922939,"Hybase Model"
960922980,"Hybase Model"
960923045,"Hybase Model"
960925124,"Hybase Model"
960927073,"Hybase Model"
960927125,"Hybase Model"
960927445,"Hybase Model"
960995785,"Hybase Model"
960995845,"Hybase Model"
960996328,"Hybase Model"
961002764,"Hybase Model"
961002895,"Hybase Model"
961002972,"Hybase Model"
961003068,"Hybase Model"
961003168,"Hybase Model"
961003270,"Hybase Model"
961004360,"Hybase Model"
961068333,"Hybase Model"
961068443,"Hybase Model"
961068506,"Hybase Model"
961072614,"Hybase Model"
961072716,"Hybase Model"
961072841,"Hybase Model"
961072937,"Hybase Model"
961073158,"Hybase Model"
961422234,"Hybase Model"
961423254,"Hybase Model"
961423303,"Hybase Model"
961423394,"Hybase Model"
961423468,"Hybase Model"
961423548,"Hybase Model"
961423591,"Hybase Model"
961423651,"Hybase Model"
961423726,"Hybase Model"
961423777,"Hybase Model"
961423832,"Hybase Model"
961423880,"Hybase Model"
961423941,"Hybase Model"
961423984,"Hybase Model"
961424038,"Hybase Model"
961424179,"Hybase Model"
961424229,"Hybase Model"
961424290,"Hybase Model"
961424389,"Hybase Model"
961424460,"Hybase Model"
961425003,"Hybase Model"
961425230,"Hybase Model"
961425554,"Hybase Model"
961425699,"Hybase Model"
961432598,"Hybase Model"
961432654,"Hybase Model"
961432741,"Hybase Model"
961432930,"Hybase Model"
961433001,"Hybase Model"
961433078,"Hybase Model"
961433181,"Hybase Model"
961433241,"Hybase Model"
961433320,"Hybase Model"
961433464,"Hybase Model"
961433529,"Hybase Model"
961433593,"Hybase Model"
961433852,"Hybase Model"
961433950,"Hybase Model"
961434156,"Hybase Model"
961434265,"Hybase Model"
961434380,"Hybase Model"
961434429,"Hybase Model"
961434522,"Hybase Model"
961434646,"Hybase Model"
961434754,"Hybase Model"
961434828,"Hybase Model"
961435007,"Hybase Model"
961435053,"Hybase Model"
961435137,"Hybase Model"
961435235,"Hybase Model"
961435336,"Hybase Model"
961435372,"Hybase Model"
961435455,"Hybase Model"
961435505,"Hybase Model"
961435549,"Hybase Model"
961435589,"Hybase Model"
961435644,"Hybase Model"
961435728,"Hybase Model"
961435795,"Hybase Model"
961435909,"Hybase Model"
961436071,"Hybase Model"
961436115,"Hybase Model"
961436191,"Hybase Model"
961436522,"Hybase Model"
961436716,"Hybase Model"
961436793,"Hybase Model"
961436873,"Hybase Model"
961436950,"Hybase Model"
961458115,"Hybase Model"
961465358,"Hybase Model"
961516893,"Hybase Model"
961517127,"Hybase Model"
961517252,"Hybase Model"
961576999,"Hybase Model"
961595822,"Hybase Model"
961595917,"Hybase Model"
961596019,"Hybase Model"
961599931,"Hybase Model"
961600066,"Hybase Model"
961601058,"Hybase Model"
961602144,"Hybase Model"
961603459,"Hybase Model"
961663830,"Hybase Model"
961663967,"Hybase Model"
961664056,"Hybase Model"
961665805,"Hybase Model"
961713220,"Hybase Model"
961713324,"Hybase Model"
961761919,"revAnimated_v122"
961762061,"anyhentai_20"
961762176,"revAnimated_v122"
961762319,"revAnimated_v122"
961762465,"revAnimated_v122"
961811468,"revAnimated_v122"
961811499,"revAnimated_v122"
961880187,"meinamix_meinaV9"
961880445,"meinamix_meinaV9"
961943570,"0_revAnimated_v122"
961943669,"0_revAnimated_v122"
962004554,"0_revAnimated_v122"
962005129,"Hybase Model"
962005354,"Hybase Model"
962005448,"Hybase Model"
962006357,"Hybase Model"
962032344,"Hybase Model"
962032397,"Hybase Model"
962081375,"Hybase Model"
962081451,"Hybase Model"
962081508,"Hybase Model"
962081546,"Hybase Model"
962089266,"sardonyxREDUX_v10"
962089640,"sardonyxREDUX_v10"
962145798,"Hybase Model"
962145860,"Hybase Model"
962145926,"Hybase Model"
962145999,"Hybase Model"
962146050,"Hybase Model"
962146190,"Hybase Model"
962146214,"chilloutmix_NiPrunedFp32Fix"
962276611,"sardonyxREDUX_v10"
962276670,"sardonyxREDUX_v10"
962276731,"Hybase Model"
962277439,"cetusMix_cetusVersion2Fp16"
962382044,"Hybase Model"
962382104,"edgeOfRealism_eorV20Fp16BakedVAE"
962391351,"Hybase Model"
962392543,"Hybase Model"
962392589,"Hybase Model"
962400438,"anyloraCheckpoint_bakedvaeFtmseFp16NOT"
962428265,"Hybase Model"
962428349,"anyloraCheckpoint_bakedvaeFtmseFp16NOT"
962428412,"anyloraCheckpoint_bakedvaeFtmseFp16NOT"
962428469,"anyloraCheckpoint_bakedvaeFtmseFp16NOT"
962428552,"anyloraCheckpoint_bakedvaeFtmseFp16NOT"
962428624,"anyloraCheckpoint_bakedvaeFtmseFp16NOT"
962428699,"Hybase Model"
962429283,"Hybase Model"
962429332,"Hybase Model"
962429375,"Hybase Model"
962429426,"Hybase Model"
962429465,"Hybase Model"
962472555,"Hybase Model"
962586147,"Hybase Model"
962586266,"anyloraCheckpoint_bakedvaeFtmseFp16NOT"
962586439,"anyloraCheckpoint_bakedvaeFtmseFp16NOT"
962586495,"anyloraCheckpoint_bakedvaeFtmseFp16NOT"
962586553,"anyloraCheckpoint_bakedvaeFtmseFp16NOT"
962586617,"anyloraCheckpoint_bakedvaeFtmseFp16NOT"
962586650,"anyloraCheckpoint_bakedvaeFtmseFp16NOT"
962586699,"anyloraCheckpoint_bakedvaeFtmseFp16NOT"
962586755,"anyloraCheckpoint_bakedvaeFtmseFp16NOT"
962586787,"anyloraCheckpoint_bakedvaeFtmseFp16NOT"
962586821,"anyloraCheckpoint_bakedvaeFtmseFp16NOT"
962586889,"Hybase Model"
962586932,"anyloraCheckpoint_bakedvaeFtmseFp16NOT"
962586979,"anyloraCheckpoint_bakedvaeFtmseFp16NOT"
962587046,"anyloraCheckpoint_bakedvaeFtmseFp16NOT"
962587102,"anyloraCheckpoint_bakedvaeFtmseFp16NOT"
962587159,"Hybase Model"
962587201,"anyloraCheckpoint_bakedvaeFtmseFp16NOT"
962587237,"anyloraCheckpoint_bakedvaeFtmseFp16NOT"
962587260,"anyloraCheckpoint_bakedvaeFtmseFp16NOT"
962587301,"anyloraCheckpoint_bakedvaeFtmseFp16NOT"
962587399,"anyloraCheckpoint_bakedvaeFtmseFp16NOT"
962587448,"anyloraCheckpoint_bakedvaeFtmseFp16NOT"
962587486,"anyloraCheckpoint_bakedvaeFtmseFp16NOT"
962587528,"anyloraCheckpoint_bakedvaeFtmseFp16NOT"
962587621,"anyloraCheckpoint_bakedvaeFtmseFp16NOT"
962587654,"anyloraCheckpoint_bakedvaeFtmseFp16NOT"
962587717,"anyloraCheckpoint_bakedvaeFtmseFp16NOT"
962587811,"anyloraCheckpoint_bakedvaeFtmseFp16NOT"
962587861,"anyloraCheckpoint_bakedvaeFtmseFp16NOT"
962587897,"Hybase Model"
962587938,"anyloraCheckpoint_bakedvaeFtmseFp16NOT"
962598852,"Hybase Model"
962998061,"Hybase Model"
962999346,"0_revAnimated_v122"
962999460,"0_revAnimated_v122"
963015018,"0_revAnimated_v122"
963080159,"0_revAnimated_v122"
963080381,"Hybase Model"
963080625,"0_revAnimated_v122"
963153724,"Hybase Model"
963153806,"Hybase Model"
963154773,"Hybase Model"
963155037,"Hybase Model"
963179900,"yiffymix_21"
963180036,"yiffymix_21"
963180239,"Hybase Model"
963180336,"2_cartoon_bdsm"
963211715,"yiffymix_21"
963232317,"yiffymix_21"
963232537,"Hybase Model"
963392703,"dreadV4_"
963460704,"0_revAnimated_v122"
963491477,"4_hodgepodge_bondage"
963493916,"4_hodgepodge_bondage"
963656982,"yiffymix_21"
963662284,"lyriel_v16"
963664159,"lyriel_v16"
963667774,"0_revAnimated_v122"
963671509,"0_revAnimated_v122"
963727961,"0_revAnimated_v122"
963730102,"0_revAnimated_v122"
963730171,"0_revAnimated_v122"
963730341,"0_revAnimated_v122"
963730893,"0_revAnimated_v122"
963734276,"0_revAnimated_v122"
963741818,"4_hodgepodge_bondage"
963781314,"0_revAnimated_v122"
963781640,"0_revAnimated_v122"
963781809,"0_revAnimated_v122"
963781910,"0_revAnimated_v122"
963782012,"0_revAnimated_v122"
963782151,"0_revAnimated_v122"
963782304,"0_revAnimated_v122"
963782348,"0_revAnimated_v122"
963782467,"0_revAnimated_v122"
963782585,"0_revAnimated_v122"
963782653,"0_revAnimated_v122"
963782734,"0_revAnimated_v122"
963797227,"0_revAnimated_v122"
963797313,"0_revAnimated_v122"
963797399,"0_revAnimated_v122"
963797538,"0_revAnimated_v122"
964258762,"yiffymix_21"
964284849,"Hybase Model"
964285245,"Hybase Model"
964712594,"Hybase Model"
964715910,"Hybase Model"
965160428,"hodgepodge_v20"
965163643,"hodgepodge_v20"
965459447,"yiffymix_21"
965480787,"yiffymix_21"
965576934,"edgeOfRealism_eorV20Fp16BakedVAE"
965746762,"pirsusComicsStyle_pirsusComicsStyle"
965862271,"pirsusComicsStyle_pirsusComicsStyle"
965862484,"pirsusComicsStyle_pirsusComicsStyle"
969574572,"Hybase Model"
969674996,"M4RV3LSDUNGEONSNEWV30_mD30"
969684363,"M4RV3LSDUNGEONSNEWV30_mD30"
969684460,"Hybase Model"
969768872,"0_revAnimated_v122"
969769153,"allInOneAnimeIllust_aidv28"
969769344,"0_revAnimated_v122"
971038813,"0-Photo_aZovyaPhotoreal_v2"
971039201,"0-Photo_aZovyaPhotoreal_v2"
971039556,"0-Photo_aZovyaPhotoreal_v2"
972197660,"tauronHybridMix_tauhybridRealV21"
974040728,"yiffymix_21"
974058973,"Hybase Model"
974059258,"Hybase Model"
974061156,"Hybase Model"
974140465,"Hybase Model"
974141750,"icbinpICantBelieveIts_relapse"
974167117,"icbinpICantBelieveIts_relapse"
974546284,"Hybase Model"
974742469,"Hybase Model"
974759947,"dreamshaper_8"
974760118,"dreamshaper_8"
974918795,"aZovyaPhotoreal_v2"
974918926,"dreamshaper_8"
975115385,"sd_xl_base_1.0"
975959132,"talmendoxlSDXL_v11Beta"
975959358,"talmendoxlSDXL_v11Beta"
975959586,"talmendoxlSDXL_v11Beta"
975959745,"talmendoxlSDXL_v11Beta"
975959896,"talmendoxlSDXL_v11Beta"
975960017,"talmendoxlSDXL_v11Beta"
975960421,"talmendoxlSDXL_v11Beta"
975961048,"talmendoxlSDXL_v11Beta"
975961304,"talmendoxlSDXL_v11Beta"
975961573,"talmendoxlSDXL_v11Beta"
975961880,"talmendoxlSDXL_v11Beta"
976094032,"talmendoxlSDXL_v11Beta"
976094309,"talmendoxlSDXL_v11Beta"
976094950,"talmendoxlSDXL_v11Beta"
976115897,"talmendoxlSDXL_v11Beta"
976270420,"talmendoxlSDXL_v11Beta"
976270654,"talmendoxlSDXL_v11Beta"
976270845,"talmendoxlSDXL_v11Beta"
976270942,"talmendoxlSDXL_v11Beta"
976370708,"talmendoxlSDXL_v11Beta"
976440175,"talmendoxlSDXL_v11Beta"
976440705,"talmendoxlSDXL_v11Beta"
976441181,"Hybase Model"
976457063,"Hybase Model"
976607659,"Hybase Model"
976607861,"talmendoxlSDXL_v11Beta"
976706621,"sd_xl_base_1.0"
976706988,"sd_xl_base_1.0"
976707683,"sd_xl_base_1.0"
976708224,"sd_xl_base_1.0"
976709051,"sd_xl_base_1.0"
976709318,"sd_xl_base_1.0"
976727569,"sd_xl_base_1.0"
976729741,"sd_xl_base_1.0"
976797562,"sd_xl_base_1.0"
976866322,"sd_xl_base_1.0"
977102732,"sd_xl_base_1.0"
977106235,"sd_xl_base_1.0"
977106370,"sd_xl_base_1.0"
977107077,"sd_xl_base_1.0"
977270620,"talmendoxlSDXL_v11Beta"
977274864,"sd_xl_base_1.0"
977425750,"sd_xl_base_1.0"
977426013,"sd_xl_base_1.0"
977426256,"sd_xl_base_1.0"
977701775,"sd_xl_base_1.0"
977701905,"sd_xl_base_1.0"
977705770,"sd_xl_base_1.0"
977853113,"sd_xl_base_1.0"
977853607,"sd_xl_base_1.0"
977854704,"sd_xl_base_1.0"
977855191,"sd_xl_base_1.0"
977856148,"sd_xl_base_1.0"
977856366,"sd_xl_base_1.0"
977856474,"sd_xl_base_1.0"
977857011,"sd_xl_base_1.0"
977857457,"sd_xl_base_1.0"
977857674,"sd_xl_base_1.0"
977857938,"sd_xl_base_1.0"
977858470,"sd_xl_base_1.0"
977858863,"talmendoxlSDXL_v11Beta"
977859200,"talmendoxlSDXL_v11Beta"
977859355,"talmendoxlSDXL_v11Beta"
977859632,"talmendoxlSDXL_v11Beta"
977859862,"talmendoxlSDXL_v11Beta"
977860176,"talmendoxlSDXL_v11Beta"
977860890,"talmendoxlSDXL_v11Beta"
977861118,"talmendoxlSDXL_v11Beta"
977861249,"talmendoxlSDXL_v11Beta"
977861706,"talmendoxlSDXL_v11Beta"
977861893,"talmendoxlSDXL_v11Beta"
977862168,"talmendoxlSDXL_v11Beta"
977862343,"talmendoxlSDXL_v11Beta"
977862495,"talmendoxlSDXL_v11Beta"
977862617,"talmendoxlSDXL_v11Beta"
977862819,"talmendoxlSDXL_v11Beta"
977862931,"talmendoxlSDXL_v11Beta"
977863158,"talmendoxlSDXL_v11Beta"
977872380,"talmendoxlSDXL_v11Beta"
977872480,"talmendoxlSDXL_v11Beta"
977872633,"talmendoxlSDXL_v11Beta"
977878253,"sd_xl_base_1.0"
978045988,"sd_xl_base_1.0"
978061719,"Hybase Model"
978794447,"Hybase Model"
978797491,"Hybase Model"
978819791,"sd_xl_base_1.0"
978886773,"sd_xl_base_1.0"
978957403,"sd_xl_base_1.0"
978957699,"sd_xl_base_1.0"
978957950,"Hybase Model"
979065984,"Hybase Model"
979066369,"sd_xl_base_1.0"
979066481,"Hybase Model"
979067110,"sd_xl_base_1.0"
979067604,"sd_xl_base_1.0"
979068492,"sd_xl_base_1.0"
979253452,"sd_xl_base_1.0"
979254006,"sd_xl_base_1.0"
979296086,"sd_xl_base_1.0"
979296773,"sd_xl_base_1.0"
979477522,"sd_xl_base_1.0"
979477818,"sd_xl_base_1.0"
979639409,"sd_xl_base_1.0"
979639714,"sd_xl_base_1.0"
979739146,"sd_xl_base_1.0"
979739410,"sd_xl_base_1.0"
979837341,"zavychromaxl_v10"
979838886,"nightvisionXLPhotorealisticPortrait_beta0681Bakedvae"
979916602,"Hybase Model"
980272403,"yiffymix_21"
980332592,"icedcoffeexl_V11"
980332904,"icedcoffeexl_V11"
980333234,"sd_xl_base_1.0"
980333626,"Hybase Model"
980333889,"zavychromaxl_v10"
980334199,"zavychromaxl_v10"
980444272,"icedcoffeexl_V11"
980444444,"icedcoffeexl_V11"
980444641,"zavychromaxl_v10"
980445074,"icedcoffeexl_V11"
980445333,"icedcoffeexl_V11"
980445921,"zavychromaxl_v10"
980446470,"icedcoffeexl_V11"
980448879,"icedcoffeexl_V11"
980491885,"yiffymix_21"
980492477,"yiffymix_21"
980493164,"yiffymix_22"
980609344,"icedcoffeexl_V11"
980694798,"icedcoffeexl_V11"
980805018,"icedcoffeexl_V11"
980993357,"icedcoffeexl_V11"
980993633,"icedcoffeexl_V11"
980994278,"sdxlUnstableDiffusers_v6StabilityEater"
980994536,"icedcoffeexl_V11"
980994737,"sdxlUnstableDiffusers_v6StabilityEater"
981064700,"sdxlUnstableDiffusers_v6StabilityEater"
981067554,"icedcoffeexl_V11"
981071517,"sdxlUnstableDiffusers_v6StabilityEater"
981072408,"icedcoffeexl_V11"
981072842,"sdxlUnstableDiffusers_v6StabilityEater"
981073111,"icedcoffeexl_V11"
981098359,"icedcoffeexl_V11"
981264308,"sdxlUnstableDiffusers_v6StabilityEater"
981285429,"sdxlUnstableDiffusers_v6StabilityEater"
981362425,"Hybase Model"
981362983,"sdxlUnstableDiffusers_v6StabilityEater"
981793520,"icedcoffeexl_V11"
981913582,"icedcoffeexl_V11"
981995770,"icedcoffeexl_V11"
982021159,"sd_xl_base_1.0"
982021415,"icedcoffeexl_V11"
982021732,"sd_xl_base_1.0"
982021913,"sdxlUnstableDiffusers_v6StabilityEater"
982022115,"icedcoffeexl_V11"
982022287,"sdxlUnstableDiffusers_v6StabilityEater"
982022447,"icedcoffeexl_V11"
982022686,"sdxlUnstableDiffusers_v6StabilityEater"
982109446,"sd_xl_base_1.0"
982109619,"sdxlUnstableDiffusers_v6StabilityEater"
982109759,"sdxlUnstableDiffusers_v6StabilityEater"
982109918,"venusxl_v10"
982110076,"icedcoffeexl_V11"
982110196,"icedcoffeexl_V11"
982110366,"sdxlUnstableDiffusers_v6StabilityEater"
982110557,"sd_xl_base_1.0"
982110766,"icedcoffeexl_V11"
982110951,"sdxlUnstableDiffusers_v6StabilityEater"
982111109,"icedcoffeexl_V11"
982111478,"sdxlUnstableDiffusers_v6StabilityEater"
982111733,"sdxlUnstableDiffusers_v6StabilityEater"
982111905,"sd_xl_base_1.0"
982111996,"sdxlUnstableDiffusers_v6StabilityEater"
982112085,"sd_xl_base_1.0"
982174421,"sd_xl_base_1.0"
982176970,"sd_xl_base_1.0"
982177693,"icedcoffeexl_V11"
982177887,"sdxlUnstableDiffusers_v6StabilityEater"
982178174,"venusxl_v10"
982178376,"icedcoffeexl_V11"
982279308,"venusxl_v10"
982532886,"icedcoffeexl_V11"
982533284,"icedcoffeexl_V11"
982533669,"icedcoffeexl_V11"
982534150,"sdxlUnstableDiffusers_v6StabilityEater"
982534339,"sdxlUnstableDiffusers_v6StabilityEater"
982534559,"sdxlUnstableDiffusers_v6StabilityEater"
982641705,"venusxl_v10"
982641944,"venusxl_v10"
982841282,"sdxlUnstableDiffusers_v6StabilityEater"
982910575,"venusxl_v10"
983007995,"sdxlUnstableDiffusers_v6StabilityEater"
983008429,"sdxlUnstableDiffusers_v6StabilityEater"
983008820,"sdxlUnstableDiffusers_v6StabilityEater"
983009292,"sdxlUnstableDiffusers_v6StabilityEater"
983009454,"sdxlUnstableDiffusers_v6StabilityEater"
983086770,"sdxlUnstableDiffusers_v6StabilityEater"
983410519,"Hybase Model"
983443388,"sdxlUnstableDiffusers_v6StabilityEater"
983443538,"sdxlUnstableDiffusers_v6StabilityEater"
983443665,"sdxlUnstableDiffusers_v6StabilityEater"
983443905,"sdxlUnstableDiffusers_v6StabilityEater"
983447270,"Hybase Model"
983448245,"Hybase Model"
983450350,"Hybase Model"
983535810,"sdxlUnstableDiffusers_v6StabilityEater"
983537913,"sdxlUnstableDiffusers_v6StabilityEater"
983571369,"sdxlUnstableDiffusers_v6StabilityEater"
983609269,"sdxlUnstableDiffusers_v6StabilityEater"
983616688,"sdxlUnstableDiffusers_v6StabilityEater"
983719318,"sdxlUnstableDiffusers_v6StabilityEater"
983818666,"sdxlUnstableDiffusers_v6StabilityEater"
983825263,"sdxlUnstableDiffusers_v6StabilityEater"
983826806,"sdxlUnstableDiffusers_v6StabilityEater"
983886488,"sdxlUnstableDiffusers_v6StabilityEater"
983958798,"sdxlUnstableDiffusers_v6StabilityEater"
984125443,"Hybase Model"
984161109,"sdxlUnstableDiffusers_v6StabilityEater"
984181901,"icedcoffeexl_V11"
984364420,"icedcoffeexl_V11"
984532471,"Hybase Model"
984696993,"sdxlUnstableDiffusers_v6StabilityEater"
984708204,"sdxlUnstableDiffusers_v6StabilityEater"
984708538,"betterThanWords_v15"
984811622,"betterThanWords_v15"
984979265,"sdxlUnstableDiffusers_v6StabilityEater"
984979399,"sdxlUnstableDiffusers_v6StabilityEater"
984979651,"sdxlUnstableDiffusers_v6StabilityEater"
984979910,"sdxlUnstableDiffusers_v6StabilityEater"
984990802,"yiffymix_21"
984990859,"yiffymix_21"
984990909,"yiffymix_21"
984990995,"yiffymix_21"
984991043,"yiffymix_21"
984991221,"yiffymix_21"
984991256,"yiffymix_21"
984991451,"yiffymix_21"
985026457,"sdxlUnstableDiffusers_v6StabilityEater"
985051790,"betterThanWords_v15"
985229089,"betterThanWords_v15"
985229421,"betterThanWords_v15"
985229552,"betterThanWords_v15"
985230232,"sdxlUnstableDiffusers_v6StabilityEater"
985333225,"betterThanWords_v15"
985337855,"betterThanWords_v15"
985338256,"sdxlUnstableDiffusers_v6StabilityEater"
985341694,"Hybase Model"
985350034,"Hybase Model"
985350370,"Hybase Model"
985351272,"betterThanWords_v15"
985364388,"sdxlUnstableDiffusers_v6StabilityEater"
985535552,"sdxlUnstableDiffusers_v6StabilityEater"
985536326,"sdxlUnstableDiffusers_v6StabilityEater"
985536573,"Hybase Model"
985542510,"sdxlUnstableDiffusers_v6StabilityEater"
985544220,"sdxlUnstableDiffusers_v6StabilityEater"
985741736,"betterThanWords_v15"
985785264,"sdxlUnstableDiffusers_v6StabilityEater"
985921061,"betterThanWords_v20"
985972475,"Hybase Model"
985987422,"sdxlUnstableDiffusers_v6StabilityEater"
986013137,"betterThanWords_v20"
986095231,"betterThanWords_v20"
986274942,"Hybase Model"
986373386,"sdxlUnstableDiffusers_v6StabilityEater"
986458667,"sdxlUnstableDiffusers_v6StabilityEater"
986493468,"Hybase Model"
986493734,"sdxlUnstableDiffusers_v6StabilityEater"
986667953,"sdxlUnstableDiffusers_v6StabilityEater"
986668179,"sdxlUnstableDiffusers_v6StabilityEater"
986668387,"sdxlUnstableDiffusers_v6StabilityEater"
986669029,"sdxlUnstableDiffusers_v6StabilityEater"
986669992,"betterThanWords_v20"
986909680,"sdxlUnstableDiffusers_v6StabilityEater"
987114195,"sdxlUnstableDiffusers_v6StabilityEater"
987270846,"M4RV3LSDUNGEONSNEWV30_mD30"
987425286,"sdxlUnstableDiffusers_v6StabilityEater"
987513893,"sdxlUnstableDiffusers_v6StabilityEater"
987515454,"sd_xl_base_1.0"
987909135,"sdxlUnstableDiffusers_v6StabilityEater"
988037860,"sdxlUnstableDiffusers_v6StabilityEater"
988718657,"sdxlUnstableDiffusers_v6StabilityEater"
988910525,"sdxlUnstableDiffusers_v6StabilityEater"
990304483,"yiffymix_21"
990399978,"yiffymix_21"
991862900,"sdxlUnstableDiffusers_v6StabilityEater"
991863113,"sdxlUnstableDiffusers_v6StabilityEater"
991863339,"sdxlUnstableDiffusers_v6StabilityEater"
991863557,"sdxlUnstableDiffusers_v6StabilityEater"
992172077,"sdxlUnstableDiffusers_v6StabilityEater"
992173446,"sdxlUnstableDiffusers_v6StabilityEater"
992278027,"sdxlUnstableDiffusers_v6StabilityEater"
992281036,"sdxlUnstableDiffusers_v6StabilityEater"
992281400,"sdxlUnstableDiffusers_v6StabilityEater"
992281657,"sdxlUnstableDiffusers_v6StabilityEater"
992292920,"sdxlUnstableDiffusers_v6StabilityEater"
992294629,"sdxlUnstableDiffusers_v6StabilityEater"
992333133,"Hybase Model"
992387507,"sdxlUnstableDiffusers_v6StabilityEater"
992391168,"sdxlUnstableDiffusers_v6StabilityEater"
992401915,"sdxlUnstableDiffusers_v6StabilityEater"
992486418,"sdxlUnstableDiffusers_v6StabilityEater"
992512766,"sdxlUnstableDiffusers_v6StabilityEater"
992518887,"sdxlUnstableDiffusers_v6StabilityEater"
992532642,"sdxlUnstableDiffusers_v6StabilityEater"
992585744,"sdxlUnstableDiffusers_v6StabilityEater"
992598254,"sdxlUnstableDiffusers_v6StabilityEater"
992688281,"Hybase Model"
992796043,"sdxlUnstableDiffusers_v6StabilityEater"
992798468,"sdxlUnstableDiffusers_v6StabilityEater"
992971082,"Hybase Model"
992972553,"sdxlUnstableDiffusers_v6StabilityEater"
993133181,"sdxlUnstableDiffusers_v6StabilityEater"
993134807,"sdxlUnstableDiffusers_v6StabilityEater"
993135106,"sdxlUnstableDiffusers_v6StabilityEater"
993191251,"sdxlUnstableDiffusers_v6StabilityEater"
993191768,"sdxlUnstableDiffusers_v6StabilityEater"
993580913,"sdxlUnstableDiffusers_v6StabilityEater"
993588322,"sdxlUnstableDiffusers_v6StabilityEater"
993608538,"sdxlUnstableDiffusers_v6StabilityEater"
993608876,"sdxlUnstableDiffusers_v6StabilityEater"
993609789,"Hybase Model"
993748775,"sdxlUnstableDiffusers_v6StabilityEater"
993749123,"sdxlUnstableDiffusers_v6StabilityEater"
993774862,"Hybase Model"
993776152,"sdxlUnstableDiffusers_v6StabilityEater"
993785182,"Hybase Model"
993790094,"sdxlUnstableDiffusers_v6StabilityEater"
993805990,"sdxlUnstableDiffusers_v6StabilityEater"
993806241,"sdxlUnstableDiffusers_v6StabilityEater"
993830500,"Hybase Model"
993856568,"Hybase Model"
993969969,"sdxlUnstableDiffusers_v6StabilityEater"
993972139,"sdxlUnstableDiffusers_v6StabilityEater"
993976251,"sdxlUnstableDiffusers_v6StabilityEater"
993976705,"sdxlUnstableDiffusers_v6StabilityEater"
993980015,"Hybase Model"
993988136,"sdxlUnstableDiffusers_v6StabilityEater"
993989931,"sdxlUnstableDiffusers_v6StabilityEater"
994015931,"sdxlUnstableDiffusers_v6StabilityEater"
994016607,"sdxlUnstableDiffusers_v6StabilityEater"
994017127,"sdxlUnstableDiffusers_v6StabilityEater"
994017566,"sdxlUnstableDiffusers_v6StabilityEater"
994027240,"sdxlUnstableDiffusers_v6StabilityEater"
994043036,"sdxlUnstableDiffusers_v6StabilityEater"
994099368,"sdxlUnstableDiffusers_v6StabilityEater"
994322030,"sdxlUnstableDiffusers_v6StabilityEater"
994324494,"Hybase Model"
994333216,"sdxlUnstableDiffusers_v6StabilityEater"
994340805,"Hybase Model"
994541855,"sdxlYamersFurworld_v1"
994561625,"sdxlYamersFurworld_v1"
994562313,"sdxlYamersFurworld_v1"
994648457,"sdxlYamersFurworld_v1"
994732129,"sdxlYamersFurworld_v1"
994759188,"sdxlYamersFurworld_v1"
994762932,"sdxlUnstableDiffusers_v6StabilityEater"
994764879,"Hybase Model"
994849841,"Hybase Model"
994966330,"sdxlYamersFurworld_v1"
994992517,"sdxlYamersFurworld_v1"
994993441,"sdxlUnstableDiffusers_v6StabilityEater"
994994298,"sdxlYamersFurworld_v1"
995118053,"sdxlUnstableDiffusers_v6StabilityEater"
995186468,"sdxlYamersFurworld_v1"
995231996,"sdxlYamersFurworld_v1"
995336105,"sdxlYamersFurworld_v1"
995337783,"sdxlYamersFurworld_v1"
995338764,"sdxlUnstableDiffusers_v6StabilityEater"
995341498,"Hybase Model"
995342107,"sdxlUnstableDiffusers_v6StabilityEater"
995342444,"sdxlUnstableDiffusers_v6StabilityEater"
995342860,"sdxlUnstableDiffusers_v6StabilityEater"
995344325,"Hybase Model"
995345559,"sdxlYamersFurworld_v1"
995347453,"sdxlYamersFurworld_v1"
995351631,"Hybase Model"
995359930,"Hybase Model"
995377292,"sdxlUnstableDiffusers_v6StabilityEater"
995448741,"Hybase Model"
995449248,"sdxlYamersFurworld_v1"
995616438,"Hybase Model"
995936979,"sdxlUnstableDiffusers_v6StabilityEater"
996143677,"sdxlUnstableDiffusers_v6StabilityEater"
996372686,"Hybase Model"
996373441,"sdxlUnstableDiffusers_v6StabilityEater"
996374358,"sdxlUnstableDiffusers_v6StabilityEater"
996407976,"sdxlUnstableDiffusers_v6StabilityEater"
996408389,"newrealityxl_vnsfw"
996507617,"sdxlUnstableDiffusers_v6StabilityEater"
996508004,"sdxlUnstableDiffusers_v6StabilityEater"
996666935,"sdxlUnstableDiffusers_v6StabilityEater"
996761609,"sdxlUnstableDiffusers_v6StabilityEater"
997022304,"sdxlUnstableDiffusers_v6StabilityEater"
997036090,"sdxlUnstableDiffusers_v6StabilityEater"
997038636,"sdxlUnstableDiffusers_v6StabilityEater"
997038939,"sdxlUnstableDiffusers_v6StabilityEater"
997039628,"newrealityxl_vnsfw"
997039874,"sdxlUnstableDiffusers_v6StabilityEater"
997174510,"sdxlUnstableDiffusers_v6StabilityEater"
997378068,"sdxlUnstableDiffusers_v6StabilityEater"
997436628,"sdxlUnstableDiffusers_v6StabilityEater"
997459010,"sdxlUnstableDiffusers_v6StabilityEater"
997461819,"sdxlUnstableDiffusers_v6StabilityEater"
998414628,"sdxlUnstableDiffusers_v6StabilityEater"
998419400,"sdxlUnstableDiffusers_v6StabilityEater"
998420253,"sdxlUnstableDiffusers_v6StabilityEater"
998420804,"sdxlUnstableDiffusers_v6StabilityEater"
998446045,"sdxlUnstableDiffusers_v6StabilityEater"
998446532,"sdxlUnstableDiffusers_v6StabilityEater"
998447545,"sdxlUnstableDiffusers_v6StabilityEater"
999142608,"sdxlUnstableDiffusers_v6StabilityEater"
999150866,"sdxlUnstableDiffusers_v6StabilityEater"
999391317,"sdxlUnstableDiffusers_v6StabilityEater"
999395292,"sdxlUnstableDiffusers_v6StabilityEater"
999400686,"sdxlUnstableDiffusers_v6StabilityEater"
999413591,"sdxlUnstableDiffusers_v6StabilityEater"
999414348,"sdxlUnstableDiffusers_v6StabilityEater"
999524581,"sdxlUnstableDiffusers_v6StabilityEater"
999622112,"sdxlUnstableDiffusers_v6StabilityEater"
999623061,"sdxlUnstableDiffusers_v6StabilityEater"
999624217,"sdxlUnstableDiffusers_v6StabilityEater"
999624565,"sdxlUnstableDiffusers_v6StabilityEater"
999651181,"sdxlUnstableDiffusers_v6StabilityEater"
999658136,"sdxlUnstableDiffusers_v6StabilityEater"
999667462,"sdxlUnstableDiffusers_v6StabilityEater"
999749809,"Hybase Model"
999751042,"sdxlUnstableDiffusers_v6StabilityEater"
999766424,"Hybase Model"
999767220,"sdxlUnstableDiffusers_v6StabilityEater"
999777602,"sdxlUnstableDiffusers_v6StabilityEater"
999780485,"Hybase Model"